"","Transect","Plot","Tree","Core","Species","Age","Status","Decay","DBH"
"1",1,1,1,"Yes","ABBI",41,1,"-",20.7
"2",1,1,2,"Yes","ABBI",96,1,"-",21.7
"3",1,1,3,"Yes","ABBI",124,1,"-",21.2
"4",1,1,4,"No","ABBI",NA,1,"-",NA
"5",1,1,5,"No","ABBI",NA,1,"-",8.3
"6",1,1,6,"No","ABBI",NA,1,"-",NA
"7",1,1,7,"No","ABBI",NA,1,"-",9
"8",1,1,8,"No","ABBI",NA,1,"-",7.3
"9",1,1,9,"No","ABBI",NA,1,"-",7.5
"10",1,1,10,"Yes","ABBI",NA,1,"-",NA
"11",1,1,11,"No","ABBI",78,1,"-",8.2
"12",1,1,12,"No","ABBI",NA,1,"-",11.8
"13",1,1,13,"No","ABBI",NA,1,"-",NA
"14",1,1,14,"No","ABBI",NA,1,"-",8.1
"15",1,1,15,"Yes","ABBI",NA,1,"-",10.9
"16",1,1,16,"No","ABBI",NA,1,"-",NA
"17",1,1,17,"Yes","ABBI",39,1,"-",6.1
"18",1,1,18,"No","ABBI",NA,1,"-",NA
"19",1,1,19,"No","ABBI",NA,1,"-",NA
"20",1,1,20,"No","ABBI",NA,1,"-",NA
"21",1,1,21,"No","ABBI",NA,1,"-",11.8
"22",1,1,22,"No","ABBI",NA,1,"-",9.5
"23",1,1,23,"No","ABBI",NA,1,"-",NA
"24",1,1,24,"No","ABBI",NA,1,"-",NA
"25",1,1,25,"No","ABBI",NA,1,"-",NA
"26",1,1,26,"No","ABBI",NA,1,"-",NA
"27",1,1,27,"No","ABBI",NA,1,"-",10.4
"28",1,1,28,"No","ABBI",NA,1,"-",NA
"29",1,1,29,"No","ABBI",NA,1,"-",NA
"30",1,1,30,"No","ABBI",NA,1,"-",NA
"31",1,1,31,"No","ABBI",NA,1,"-",NA
"32",1,1,32,"No","ABBI",NA,1,"-",NA
"33",1,1,33,"No","ABBI",NA,1,"-",NA
"34",1,1,34,"No","ABBI",NA,1,"-",NA
"35",1,2,1,"Yes","ABBI",68,1,"-",7.7
"36",1,2,2,"No","ABBI",NA,1,"-",8.5
"37",1,2,3,"No","ABBI",NA,1,"-",7.5
"38",1,2,4,"Yes","ABBI",97,1,"-",11.5
"39",1,2,5,"No","ABBI",NA,1,"-",12
"40",1,2,6,"No","ABBI",NA,1,"-",7.7
"41",1,2,7,"No","ABBI",NA,1,"-",9.6
"42",1,2,8,"No","ABBI",NA,1,"-",5.8
"43",1,2,9,"Yes","ABBI",96,1,"-",13
"44",1,2,10,"Yes","ABBI",NA,1,"-",16
"45",1,2,11,"Yes","ABBI",89,1,"-",15.4
"46",1,3,1,"Yes","PIEN",80,1,"-",30.4
"47",1,3,2,"Yes","PIEN",53,1,"-",17.4
"48",1,3,3,"No","PIEN",NA,1,"-",7.2
"49",1,3,4,"No","PIEN",NA,1,"-",10.5
"50",1,3,5,"No","PIEN",NA,1,"-",10
"51",1,3,6,"Yes","PIEN",87,1,"-",8.4
"52",1,3,7,"Yes","PIEN",NA,1,"-",8.6
"53",1,3,8,"Yes","PIEN",132,1,"-",16.7
"54",1,3,9,"Yes","PIEN",87,1,"-",10.7
"55",1,3,10,"Yes","PIEN",105,1,"-",17.1
"56",1,4,1,"No","PIEN",NA,1,"-",8
"57",1,4,2,"No","PIEN",95,1,"-",10.6
"58",1,4,3,"Yes","PIEN",NA,1,"-",11.5
"59",1,4,4,"Yes","PIEN",109,1,"-",11.4
"60",1,4,5,"Yes","PIEN",87,1,"-",13.9
"61",1,4,6,"No","PIEN",NA,1,"-",9.5
"62",1,4,7,"No","PIEN",NA,1,"-",13.4
"63",1,4,8,"Yes","PIEN",92,1,"-",22.3
"64",1,5,4,"Yes","ABBI",74,1,"-",14.5
"65",1,5,5,"Yes","ABBI",120,1,"-",21.8
"66",1,5,6,"No","ABBI",NA,1,"-",14
"67",1,5,7,"No","ABBI",NA,1,"-",10.8
"68",1,5,8,"No","ABBI",NA,1,"-",9.3
"69",1,5,9,"No","ABBI",NA,1,"-",11.8
"70",1,5,10,"Yes","ABBI",88,1,"-",12.5
"71",1,5,11,"Yes","ABBI",83,1,"-",18.4
"72",1,5,12,"Yes","ABBI",56,1,"-",9.2
"73",1,6,1,"Yes","PIEN",138,1,"-",15
"74",1,6,2,"Yes","PIEN",92,1,"-",8.8
"75",1,6,3,"Yes","PIEN",56,1,"-",22
"76",1,6,4,"No","PIEN",NA,1,"-",21.3
"77",1,6,5,"Yes","ABBI",NA,1,"-",8.2
"78",1,6,6,"No","ABBI",NA,1,"-",6
"79",1,6,7,"No","ABBI",NA,1,"-",5.8
"80",1,6,8,"No","ABBI",111,1,"-",12.5
"81",1,6,9,"Yes","ABBI",121,1,"-",13
"82",1,6,10,"No","ABBI",NA,1,"-",10.3
"83",1,6,11,"No","ABBI",NA,1,"-",6.5
"84",1,6,12,"No","ABBI",NA,1,"-",8.5
"85",1,6,13,"No","ABBI",107,1,"-",20
"86",1,6,14,"No","ABBI",NA,1,"-",5
"87",1,6,15,"No","ABBI",NA,1,"-",21.6
"88",1,6,16,"No","ABBI",NA,1,"-",8.4
"89",1,6,17,"No","ABBI",NA,1,"-",12.8
"90",1,6,18,"No","ABBI",NA,1,"-",13
"91",1,6,19,"No","ABBI",NA,1,"-",12.5
"92",1,6,20,"No","ABBI",NA,1,"-",6.7
"93",1,6,21,"No","ABBI",NA,1,"-",7
"94",1,6,22,"No","ABBI",NA,1,"-",6
"95",1,6,23,"No","ABBI",NA,1,"-",5.7
"96",1,7,1,"Yes","ABBI",80,1,"-",16.2
"97",1,7,2,"No","ABBI",NA,1,"-",17.9
"98",1,7,3,"No","ABBI",NA,1,"-",17
"99",1,7,4,"No","ABBI",NA,1,"-",11.5
"100",1,7,5,"No","ABBI",NA,1,"-",9.8
"101",1,7,6,"No","ABBI",NA,1,"-",9.5
"102",1,7,7,"No","ABBI",NA,1,"-",16
"103",1,7,8,"No","ABBI",NA,1,"-",7.4
"104",1,7,9,"Yes","ABBI",58,1,"-",13.1
"105",1,7,10,"Yes","ABBI",107,1,"-",10.5
"106",1,7,11,"No","ABBI",NA,1,"-",8.3
"107",1,7,12,"Yes","ABBI",112,1,"-",21.5
"108",1,7,13,"Yes","ABBI",55,1,"-",7
"109",1,7,15,"Yes","PIEN",68,1,"-",21.7
"110",1,7,16,"No","PIEN",NA,1,"-",22.8
"111",1,7,17,"Yes ","PIEN",126,1,"-",22.1
"112",1,7,18,"Yes","PIEN",218,1,"-",15.2
"113",1,7,19,"Yes","PIEN",130,1,"-",27
"114",1,7,20,"Yes","PIEN",118,1,"-",25.3
"115",1,7,21,"Yes","PIEN",123,1,"-",10.9
"116",1,7,22,"No","ABBI",NA,1,"-",11.1
"117",1,7,24,"Yes","ABBI",137,1,"-",18.3
"118",1,7,25,"No","ABBI",NA,1,"-",13
"119",1,7,26,"No","ABBI",NA,1,"-",9.7
"120",1,7,30,"Yes","ABBI",120,1,"-",8.8
"121",1,7,31,"No","ABBI",NA,1,"-",7.1
"122",1,7,32,"No","ABBI",NA,1,"-",9.7
"123",1,7,33,"Yes","ABBI",60,1,"-",29.3
"124",1,7,34,"Yes","ABBI",31,1,"-",20.8
"125",1,7,35,"No","ABBI",NA,1,"-",15.1
"126",1,7,36,"No","ABBI",NA,1,"-",8
"127",1,7,37,"No","ABBI",NA,1,"-",8.1
"128",1,7,38,"No","ABBI",NA,1,"-",17.3
"129",1,7,39,"No","ABBI",NA,1,"-",7
"130",1,8,1,"Yes","ABBI",34,1,"-",6.5
"131",1,9,1,"No","PIEN",NA,1,"-",17.6
"132",1,9,2,"No","PIEN",NA,1,"-",17.8
"133",1,9,3,"No","PIEN",NA,1,"-",18
"134",1,9,4,"Yes","PIEN",152,1,"-",29.1
"135",1,9,5,"No ","PIEN",NA,1,"-",24.4
"136",1,9,6,"Yes","ABBI",44,1,"-",9.7
"137",1,9,7,"Yes","PIEN",34,1,"-",9.8
"138",1,10,1,"No","PIEN",86,1,"-",28.1
"139",1,10,2,"No","PIEN",29,1,"-",8.6
"140",1,11,1,"No","PIEN",NA,1,"-",36.1
"141",1,12,1,"No","PIEN",53,1,"-",15.1
"142",1,13,1,"No","ABBI",NA,1,"-",5.5
"143",1,13,2,"Yes","ABBI",25,1,"-",6
"144",1,13,3,"No","PIEN",NA,1,"-",8.5
"145",1,13,4,"No","PIEN",NA,1,"-",11
"146",1,13,5,"No","PIEN",NA,1,"-",9.1
"147",1,13,6,"Yes","PIEN",258,1,"-",38.1
"148",1,13,7,"No","PIEN",NA,1,"-",42.7
"149",1,13,8,"Yes","PIEN",85,1,"-",5.8
"150",1,13,9,"No","ABBI",NA,1,"-",14.2
"151",1,13,10,"Yes","ABBI",80,1,"-",23.1
"152",1,13,11,"No","ABBI",139,1,"-",30.6
"153",1,13,12,"No","PIEN",NA,1,"-",15.8
"154",1,13,13,"No","ABBI",NA,1,"-",17.2
"155",1,13,14,"No","ABBI",NA,1,"-",38.2
"156",1,13,15,"Yes","ABBI",128,1,"-",37
"157",1,13,16,"Yes","PIEN",133,1,"-",15
"158",1,13,17,"Yes","ABBI",61,1,"-",9
"159",1,13,18,"No","ABBI",NA,1,"-",14.1
"160",1,13,19,"Yes","ABBI",73,1,"-",19.5
"161",1,13,20,"Yes","PIEN",131,1,"-",5.2
"162",1,14,1,"Yes","ABBI",154,1,"-",14
"163",1,14,3,"Yes","ABBI",127,1,"-",30.9
"164",1,14,4,"No","ABBI",NA,1,"-",11.2
"165",1,14,5,"Yes","PIEN",160,1,"-",43.4
"166",1,14,6,"No","ABBI",NA,1,"-",14.3
"167",1,14,7,"No","PIEN",NA,1,"-",51.3
"168",1,14,8,"Yes","PIEN",131,1,"-",33.3
"169",1,14,9,"No","PIEN",NA,1,"-",39.5
"170",1,14,10,"Yes","ABBI",107,1,"-",21.2
"171",1,14,11,"No","ABBI",NA,1,"-",41
"172",1,14,13,"No","ABBI",NA,1,"-",19.1
"173",1,14,14,"No","ABBI",NA,1,"-",16.2
"174",1,14,15,"No","ABBI",NA,1,"-",19.9
"175",1,14,16,"Yes","ABBI",NA,1,"-",17.1
"176",1,14,17,"No","ABBI",NA,1,"-",21.5
"177",1,14,18,"No","ABBI",NA,1,"-",11.2
"178",1,14,20,"Yes","ABBI",163,1,"-",21.6
"179",1,14,21,"No","ABBI",NA,1,"-",23.5
"180",1,14,22,"Yes","ABBI",98,1,"-",8.2
"181",1,14,23,"No","ABBI",NA,1,"-",6.2
"182",1,14,24,"No","ABBI",NA,1,"-",9.2
"183",1,14,25,"No","ABBI",NA,1,"-",8.6
"184",1,14,26,"No","ABBI",NA,1,"-",14.1
"185",1,14,27,"No","ABBI",NA,1,"-",16.7
"186",1,14,28,"No","ABBI",NA,1,"-",13.6
"187",1,14,29,"No","ABBI",NA,1,"-",8
"188",1,14,30,"No","ABBI",NA,1,"-",7.1
"189",1,14,31,"No","ABBI",NA,1,"-",7
"190",1,14,32,"No","ABBI",NA,1,"-",11.2
"191",1,14,33,"No","ABBI",NA,1,"-",6
"192",1,14,34,"Yes","ABBI",96,1,"-",16.4
"193",1,14,35,"No","ABBI",NA,1,"-",12.2
"194",1,14,36,"No","ABBI",NA,1,"-",10.8
"195",1,14,37,"No","ABBI",NA,1,"-",5.8
"196",1,14,38,"No","ABBI",NA,1,"-",12.2
"197",1,14,39,"No","ABBI",NA,1,"-",17
"198",1,14,40,"No","ABBI",NA,1,"-",10.5
"199",1,14,41,"No","ABBI",NA,1,"-",13.6
"200",1,14,42,"No","ABBI",NA,1,"-",29.6
"201",1,14,44,"No","ABBI",NA,1,"-",11.6
"202",1,14,45,"No","ABBI",NA,1,"-",18.7
"203",1,14,46,"No","ABBI",NA,1,"-",14
"204",1,14,47,"No","ABBI",NA,1,"-",15.8
"205",1,14,48,"No","ABBI",NA,1,"-",16.6
"206",1,14,49,"Yes","ABBI",164,1,"-",14.2
"207",1,14,50,"No","ABBI",NA,1,"-",21.4
"208",1,14,51,"No","ABBI",NA,1,"-",10.1
"209",1,14,53,"No","PIEN",NA,1,"-",28.9
"210",1,14,54,"Yes","PIEN",153,1,"-",58
"211",1,14,55,"No","ABBI",NA,1,"-",18.4
"212",1,14,56,"No","ABBI",NA,1,"-",5.9
"213",1,14,57,"No","ABBI",NA,1,"-",23.4
"214",1,14,58,"Yes","ABBI",87,1,"-",16.5
"215",1,14,59,"Yes","PIEN",151,1,"-",46.5
"216",1,15,1,"Yes","ABBI",118,1,"-",25
"217",1,15,2,"No","ABBI",NA,1,"-",26.4
"218",1,15,3,"Yes","ABBI",26,1,"-",22.6
"219",1,15,4,"No","ABBI",NA,1,"-",18
"220",1,15,5,"Yes","ABBI",153,1,"-",14.7
"221",1,15,6,"Yes","PIEN",180,1,"-",64.8
"222",1,15,7,"No","ABBI",NA,1,"-",14.1
"223",1,15,8,"Yes","PIEN",123,1,"-",15.6
"224",1,15,9,"Yes","PIEN",199,1,"-",77
"225",1,15,10,"Yes","PIEN",173,1,"-",60.3
"226",1,15,11,"No","PIEN",NA,1,"-",18
"227",1,15,12,"Yes","ABBI",121,1,"-",7.9
"228",1,15,13,"Yes","ABBI",139,1,"-",42
"229",1,15,14,"No","ABBI",NA,1,"-",11.8
"230",1,15,15,"No","ABBI",NA,1,"-",25.2
"231",1,15,16,"Yes","ABBI",87,1,"-",13.8
"232",1,15,17,"No","ABBI",NA,1,"-",5.3
"233",1,15,18,"Yes","PIEN",129,1,"-",57.3
"234",1,15,19,"No","ABBI",NA,1,"-",16.9
"235",1,15,20,"No","ABBI",NA,1,"-",14.5
"236",1,15,21,"No","ABBI",NA,1,"-",6.7
"237",1,15,22,"No","ABBI",NA,1,"-",23.8
"238",1,15,23,"No","ABBI",NA,1,"-",21.8
"239",1,15,24,"No","ABBI",NA,1,"-",20.5
"240",1,15,25,"No","ABBI",NA,1,"-",6.8
"241",1,15,26,"Yes","ABBI",122,1,"-",5.7
"242",1,15,27,"No","ABBI",NA,1,"-",23.5
"243",1,15,28,"No","PIEN",NA,1,"-",27
"244",1,15,29,"No","ABBI",NA,1,"-",30.4
"245",1,15,30,"No","ABBI",NA,1,"-",7.7
"246",1,15,31,"Yes","ABBI",143,1,"-",41.3
"247",1,15,32,"No","ABBI",NA,1,"-",19
"248",1,15,33,"No","ABBI",NA,1,"-",25.5
"249",1,15,35,"No","ABBI",NA,1,"-",19
"250",1,15,39,"No","ABBI",NA,1,"",17.5
"251",1,16,1,"Yes","PIEN",43,1,"-",11
"252",1,16,2,"No","PIEN",NA,1,"-",6.8
"253",1,16,7,"Yes","ABBI",106,1,"-",19.8
"254",1,16,8,"Yes","ABBI",87,1,"-",8.9
"255",1,16,9,"No","ABBI",NA,1,"-",17.5
"256",1,16,10,"Yes","PIEN",183,1,"-",67
"257",1,16,11,"Yes","ABBI",79,1,"-",17.3
"258",1,16,12,"No","ABBI",NA,1,"-",19.9
"259",1,16,13,"no","ABBI",NA,1,"-",21.5
"260",1,16,14,"No","ABBI",NA,1,"-",35.5
"261",1,16,15,"Yes","ABBI",133,1,"-",11.9
"262",1,16,16,"Yes","PIEN",75,1,"-",7.2
"263",1,16,17,"No","ABBI",NA,1,"-",14.9
"264",1,16,18,"No","ABBI",NA,1,"-",11.6
"265",1,16,19,"Yes","PIEN",248,1,"-",58.6
"266",1,16,20,"Yes","ABBI",157,1,"-",7.8
"267",1,16,21,"No","ABBI",NA,1,"-",7.5
"268",1,16,22,"Yes","PIEN",133,1,"-",9
"269",1,16,23,"No","ABBI",NA,1,"-",13.1
"270",1,16,24,"No","PIEN",NA,1,"-",14.6
"271",1,16,25,"Yes","ABBI",134,1,"-",20.5
"272",1,16,26,"No","ABBI",NA,1,"-",7.1
"273",1,16,27,"no","ABBI",NA,1,"-",5.7
"274",1,16,28,"No","ABBI",NA,1,"-",8.8
"275",1,16,29,"no","ABBI",NA,1,"-",10.8
"276",1,16,30,"no","ABBI",NA,1,"-",5.2
"277",1,16,31,"Yes","ABBI",134,1,"-",35.5
"278",1,16,32,"No","PIEN",61,1,"-",10.5
"279",1,16,33,"no","ABBI",NA,1,"-",17.7
"280",1,16,34,"Yes","ABBI",127,1,"-",16.9
"281",1,16,35,"No","ABBI",NA,1,"-",12.1
"282",1,16,36,"Yes","ABBI",158,1,"-",51
"283",1,16,37,"No","ABBI",NA,1,"-",8.7
"284",1,16,38,"Yes","ABBI",242,1,"-",13.8
"285",1,16,39,"No","ABBI",NA,1,"-",10.6
"286",1,16,40,"Yes","ABBI",163,1,"-",23.6
"287",1,16,41,"No","ABBI",NA,1,"-",27.2
"288",1,16,42,"No","ABBI",NA,1,"-",13
"289",1,16,43,"No","ABBI",NA,1,"-",8
"290",1,16,44,"No","ABBI",NA,1,"-",20
"291",1,16,45,"yes","ABBI",100,1,"-",20.8
"292",1,16,46,"No","ABBI",NA,1,"-",13.2
"293",1,16,47,"Yes","PIEN",116,1,"-",54
"294",1,16,48,"Yes","PIEN",162,1,"-",61.5
"295",1,16,49,"No","ABBI",NA,1,"-",24.4
"296",1,16,50,"no","ABBI",NA,1,"-",9
"297",1,16,51,"Yes","ABBI",72,1,"-",6
"298",1,17,1,"Yes","ABBI",89,1,"-",42.2
"299",1,17,2,"No","ABBI",NA,1,"-",21.4
"300",1,17,3,"Yes","ABBI",72,1,"-",6.6
"301",1,17,4,"No","ABBI",NA,1,"-",5.7
"302",1,17,5,"Yes","ABBI",NA,1,"-",14.3
"303",1,17,6,"No","ABBI",NA,1,"-",19.3
"304",1,17,7,"Yes","PIEN",103,1,"-",31
"305",1,17,10,"Yes","ABBI",93,1,"-",19.8
"306",1,17,11,"No","ABBI",NA,1,"-",22
"307",1,17,12,"No","PIEN",NA,1,"-",41.4
"308",1,17,14,"Yes","ABBI",148,1,"-",28.2
"309",1,17,15,"Yes","PIEN",207,1,"-",82.5
"310",1,17,16,"No","ABBI",NA,1,"-",19.2
"311",1,17,17,"no","ABBI",NA,1,"-",13.5
"312",1,17,18,"Yes","PIEN",NA,1,"-",10
"313",1,17,19,"Yes","ABBI",121,1,"-",28.4
"314",1,17,20,"Yes","ABBI",35,1,"-",5.8
"315",1,18,2,"Yes","ABBI",245,1,"-",38.6
"316",1,18,4,"yes","ABBI",90,1,"-",8.7
"317",1,18,5,"Yes","ABBI",77,1,"-",20
"318",1,18,6,"Yes","ABBI",73,1,"-",10.4
"319",1,18,7,"Yes","ABBI",136,1,"-",61.6
"320",1,19,1,"Yes","ABBI",72,1,"-",15.6
"321",1,19,3,"Yes","ABBI",69,1,"-",14.7
"322",1,19,6,"Yes","ABBI",149,1,"-",23.9
"323",1,19,8,"Yes","ABBI",117,1,"-",16.2
"324",1,20,1,"Yes","ABBI",NA,1,"-",31.3
"325",1,20,2,"Yes","ABBI",133,1,"-",33.8
"326",1,20,3,"Yes","PIEN",118,1,"-",25.6
"327",1,20,4,"Yes","ABBI",85,1,"-",7.7
"328",1,20,5,"Yes","ABBI",85,1,"-",16.7
"329",1,20,6,"Yes","PIEN",116,1,"-",15.8
"330",1,20,7,"Yes","ABBI",118,1,"-",27
"331",1,20,9,"Yes","PIEN",172,1,"-",60.1
"332",1,21,1,"Yes","ABBI",115,1,"-",11.1
"333",1,21,2,"Yes","PIEN",180,1,"-",58
"334",1,21,3,"Yes","PIEN",183,1,"-",67
"335",1,21,4,"Yes","ABBI",NA,1,"-",19.2
"336",1,21,5,"Yes","ABBI",67,1,"-",8.1
"337",1,21,6,"Yes","ABBI",102,1,"-",9.9
"338",1,21,7,"Yes","ABBI",117,1,"-",21.4
"339",1,21,8,"Yes","ABBI",87,1,"-",21.7
"340",1,21,9,"Yes","PIEN",123,1,"-",63.5
"341",1,21,10,"Yes","ABBI",124,1,"-",8.8
"342",1,21,11,"Yes","ABBI",112,1,"-",17.5
"343",1,21,12,"yes","PIEN",121,1,"-",18.6
"344",2,1,1,"Yes","ABBI",138,1,"-",17.2
"345",2,1,2,"Yes","ABBI",92,1,"-",7.3
"346",2,1,3,"Yes","ABBI",122,1,"-",11.8
"347",2,1,4,"No","ABBI",NA,1,"-",8.8
"348",2,1,5,"No","ABBI",NA,1,"-",7.5
"349",2,1,6,"Yes","ABBI",131,1,"-",12.3
"350",2,1,7,"No","ABBI",NA,1,"-",6.5
"351",2,1,8,"Yes","ABBI",106,1,"-",9.4
"352",2,1,9,"No","ABBI",NA,1,"-",9.4
"353",2,2,1,"No","PIEN",152,1,"-",41
"354",2,2,2,"No","ABBI",96,1,"-",11
"355",2,3,1,"Yes","PIEN",NA,1,"-",32.4
"356",2,3,2,"Yes","PIEN",125,1,"-",29.5
"357",2,4,1,"Yes","ABBI",NA,1,"-",5.5
"358",2,4,2,"No","PIEN",116,1,"-",44.8
"359",2,5,1,"No","ABBI",NA,1,"-",6.4
"360",2,5,2,"No","ABBI",61,1,"-",6.8
"361",2,5,3,"No","ABBI",47,1,"-",11.3
"362",2,6,1,"Yes","ABBI",93,1,"-",8.9
"363",2,6,2,"Yes","ABBI",102,1,"-",14.9
"364",2,6,3,"Yes","ABBI",115,1,"-",25.5
"365",2,6,4,"Yes","ABBI",58,1,"-",12.5
"366",2,6,5,"Yes","ABBI",NA,1,"-",16
"367",2,6,6,"Yes","ABBI",96,1,"-",10.8
"368",2,7,1,"Yes","ABBI",128,1,"-",13.5
"369",2,7,2,"Yes","ABBI",131,1,"-",17.5
"370",2,7,3,"Yes","ABBI",101,1,"-",14
"371",2,7,4,"Yes","ABBI",155,1,"-",25
"372",2,7,5,"Yes","ABBI",NA,1,"-",9.1
"373",2,7,6,"No","ABBI",NA,1,"-",17.9
"374",2,7,7,"Yes","ABBI",120,1,"-",18.4
"375",2,7,8,"Yes","ABBI",60,1,"-",6.7
"376",2,7,9,"Yes","ABBI",69,1,"-",14.4
"377",2,7,10,"Yes","ABBI",141,1,"-",18.8
"378",2,7,11,"Yes","ABBI",121,1,"-",20.7
"379",2,7,12,"No","ABBI",NA,1,"-",19.5
"380",2,7,13,"No","ABBI",NA,1,"-",10.9
"381",2,7,14,"no","ABBI",NA,1,"-",9.8
"382",2,8,1,"Yes","ABBI",63,1,"-",11.3
"383",2,8,2,"Yes","ABBI",NA,1,"-",12.2
"384",2,8,3,"Yes","ABBI",161,1,"-",12.1
"385",2,9,1,"Yes","PIEN",167,1,"-",32.2
"386",2,10,1,"Yes","ABBI",80,1,"-",22.3
"387",2,10,2,"Yes","ABBI",120,1,"-",26.7
"388",2,10,4,"Yes","ABBI",111,1,"-",10
"389",2,10,6,"Yes","ABBI",88,1,"-",5.6
"390",2,10,7,"Yes","ABBI",101,1,"-",14.4
"391",2,10,8,"Yes","PIEN",90,1,"-",7.2
"392",2,10,9,"No","ABBI",NA,1,"-",10.6
"393",2,10,10,"Yes","PIEN",329,1,"-",58
"394",2,10,11,"No","ABBI",NA,1,"-",12
"395",2,10,12,"Yes","ABBI",155,1,"-",16.2
"396",2,10,13,"Yes","ABBI",138,1,"-",19
"397",2,10,14,"No","ABBI",NA,1,"-",11.5
"398",2,10,15,"No","ABBI",NA,1,"-",16.1
"399",2,10,16,"Yes","ABBI",NA,1,"-",29.3
"400",2,10,17,"No","ABBI",NA,1,"-",11.1
"401",2,10,18,"Yes","ABBI",NA,1,"-",18.4
"402",2,11,1,"No","ABBI",NA,1,"-",22.1
"403",2,11,2,"Yes","ABBI",NA,1,"-",11.4
"404",2,11,3,"Yes","ABBI",106,1,"-",21.5
"405",2,11,4,"Yes","PIEN",114,1,"-",22.5
"406",2,11,6,"Yes","ABBI",104,1,"-",5.4
"407",2,11,7,"Yes","ABBI",53,1,"-",8.3
"408",2,12,1,"Yes","PIEN",100,1,"-",40.4
"409",2,12,2,"Yes","ABBI",126,1,"-",19.5
"410",2,12,3,"Yes","ABBI",NA,1,"-",6
"411",2,12,4,"No","ABBI",NA,1,"-",13
"412",2,12,5,"Yes","ABBI",155,1,"-",20.4
"413",2,12,6,"No","ABBI",NA,1,"-",23.9
"414",2,12,7,"Yes","ABBI",152,1,"-",30.3
"415",2,12,8,"Yes","ABBI",71,1,"-",7.1
"416",2,12,9,"Yes","ABBI",91,1,"-",6.2
"417",2,13,1,"Yes","PIEN",147,1,"-",40.5
"418",2,13,3,"Yes","ABBI",144,1,"-",15.2
"419",2,13,4,"Yes","ABBI",116,1,"-",23.8
"420",2,13,5,"Yes","ABBI",87,1,"-",5.5
"421",2,14,1,"Yes","ABBI",94,1,"-",29.1
"422",2,14,2,"No","ABBI",NA,1,"-",21.1
"423",2,14,3,"Yes","ABBI",NA,1,"-",16
"424",2,14,4,"Yes","ABBI",161,1,"-",31.4
"425",2,14,5,"Yes","ABBI",93,1,"-",12.6
"426",2,14,6,"Yes","ABBI",62,1,"-",14.7
"427",2,14,7,"No","ABBI",NA,1,"-",15.9
"428",2,14,9,"Yes","ABBI",114,1,"-",22.9
"429",2,14,10,"yes","ABBI",94,1,"-",34.2
"430",2,15,1,"Yes","ABBI",117,1,"-",21.6
"431",2,15,2,"Yes","ABBI",124,1,"-",10.1
"432",2,15,9,"No","ABBI",NA,1,"-",16
"433",2,15,10,"Yes","ABBI",NA,1,"-",13.1
"434",2,15,12,"Yes","ABBI",97,1,"-",12
"435",2,15,13,"Yes","ABBI",87,1,"-",13.5
"436",2,16,1,"Yes","ABBI",89,1,"-",16.4
"437",2,16,2,"Yes","ABBI",62,1,"-",15.7
"438",2,17,1,"Yes","ABBI",NA,1,"-",21.9
"439",2,17,2,"Yes","ABBI",127,1,"-",31.3
"440",2,17,4,"Yes","ABBI",55,1,"-",9.3
"441",2,18,1,"Yes","ABBI",123,1,"-",40
"442",2,18,2,"Yes","ABBI",78,1,"-",18.6
"443",2,19,1,"Yes","ABBI",123,1,"-",47.4
"444",2,19,2,"Yes","PIEN",42,1,"-",5.2
"445",2,20,2,"Yes","ABBI",137,1,"-",55.7
"446",2,20,3,"Yes","ABBI",119,1,"-",43.8
"447",2,20,4,"Yes","ABBI",114,1,"-",26.4
"448",2,20,5,"Yes","ABBI",124,1,"-",47.4
"449",2,21,1,"Yes","ABBI",124,1,"-",44.3
"450",2,21,2,"Yes","ABBI",99,1,"-",14.2
"451",2,21,3,"Yes","ABBI",87,1,"-",11.6
"452",2,21,4,"yes","PIEN",309,1,"-",41.2
"453",2,22,1,"Yes","ABBI",94,1,"-",38.7
"454",2,22,2,"Yes","ABBI",135,1,"-",23.7
"455",2,22,4,"Yes","PIEN",158,1,"-",38
"456",2,22,5,"Yes","PIEN",157,1,"-",31.9
"457",2,22,6,"Yes","ABBI",NA,1,"-",22.1
"458",2,22,7,"Yes","ABBI",110,1,"-",9.4
"459",2,23,1,"Yes","ABBI",102,1,"-",27.5
"460",2,23,2,"Yes","PIEN",185,1,"-",68.2
"461",2,23,3,"Yes","PIEN",125,1,"-",57
"462",2,23,4,"Yes","PIEN",158,1,"-",41.7
"463",2,23,5,"No","PIEN",129,1,"-",40
"464",2,23,6,"No","ABBI",93,1,"-",11.7
"465",3,1,1,"No","PIEN",NA,1,"-",6
"466",3,1,2,"Yes","PIEN",39,1,"-",5.9
"467",3,1,3,"Yes","PIEN",112,1,"-",23.5
"468",3,1,4,"Yes","ABBI",NA,1,"-",11.9
"469",3,1,5,"Yes","ABBI",104,1,"-",12.1
"470",3,1,6,"Yes","ABBI",129,1,"-",5.1
"471",3,1,8,"Yes","PIEN",79,1,"-",12.5
"472",3,1,9,"Yes","PIEN",NA,1,"-",18.1
"473",3,1,10,"No","PIEN",NA,1,"-",20.9
"474",3,1,11,"No","ABBI",NA,1,"-",14.4
"475",3,1,12,"Yes","PIEN",208,1,"-",22.2
"476",3,1,13,"No","PIEN",NA,1,"-",18
"477",3,1,14,"Yes","PIEN",157,1,"-",25.3
"478",3,1,15,"No","PIEN",NA,1,"-",9.1
"479",3,1,16,"Yes","PIEN",143,1,"-",21.4
"480",3,1,17,"Yes","PIEN",141,1,"-",10.5
"481",3,1,18,"No","PIEN",NA,1,"-",20.4
"482",3,1,19,"Yes","PIEN",NA,1,"-",12.8
"483",3,2,1,"Yes","PIEN",93,1,"-",16
"484",3,2,2,"No","PIEN",NA,1,"-",10.5
"485",3,2,3,"No","PIEN",NA,1,"-",9.2
"486",3,2,4,"No","PIEN",NA,1,"-",9
"487",3,2,5,"No","PIEN",NA,1,"-",11.2
"488",3,2,6,"Yes","PIEN",76,1,"-",6.3
"489",3,2,7,"No","PIEN",NA,1,"-",7.5
"490",3,2,8,"No","PIEN",NA,1,"-",8.1
"491",3,2,9,"Yes","ABBI",124,1,"-",14.3
"492",3,2,10,"Yes","ABBI",NA,1,"-",12
"493",3,2,11,"Yes","PIEN",77,1,"-",6.7
"494",3,2,12,"No","PIEN",NA,1,"-",9.1
"495",3,2,13,"No","PIEN",NA,1,"-",12.2
"496",3,2,14,"Yes","PIEN",78,1,"-",7.6
"497",3,2,15,"Yes","PIEN",107,1,"-",14.4
"498",3,2,16,"No","PIEN",NA,1,"-",14.6
"499",3,2,17,"No","PIEN",NA,1,"-",17.4
"500",3,2,18,"Yes","PIEN",208,1,"-",8.8
"501",3,2,19,"Yes","PIEN",96,1,"-",19.4
"502",3,2,20,"No","PIEN",NA,1,"-",19.5
"503",3,2,23,"No","PIEN",NA,1,"-",7.3
"504",3,2,24,"No","PIEN",NA,1,"-",5.3
"505",3,2,25,"Yes","PIEN",NA,1,"-",23.3
"506",3,2,26,"No","PIEN",NA,1,"-",27
"507",3,2,27,"No","ABBI",NA,1,"-",17.5
"508",3,2,28,"No","ABBI",NA,1,"-",16.8
"509",3,2,29,"No","ABBI",NA,1,"-",12.5
"510",3,2,30,"Yes","ABBI",103,1,"-",6
"511",3,2,31,"No","ABBI",NA,1,"-",6.3
"512",3,2,32,"No","PIEN",NA,1,"-",6.6
"513",3,2,33,"No","PIEN",NA,1,"-",12.21
"514",3,2,34,"Yes","PIEN",135,1,"-",20.8
"515",3,2,35,"No","PIEN",NA,1,"-",14.3
"516",3,2,36,"Yes","PIEN",172,1,"-",30.9
"517",3,2,37,"No","PIEN",NA,1,"-",12.8
"518",3,2,38,"No","PIEN",NA,1,"-",20.8
"519",3,2,39,"No","PIEN",NA,1,"-",10.9
"520",3,2,40,"No","PIEN",NA,1,"-",6.3
"521",3,2,41,"No","PIEN",NA,1,"-",14.5
"522",3,3,1,"Yes","PIEN",75,1,"-",10.5
"523",3,3,2,"No","PIEN",NA,1,"-",7.5
"524",3,3,3,"Yes","PIEN",122,1,"-",31
"525",3,3,4,"Yes","PIEN",131,1,"-",24.5
"526",3,3,5,"No","PIEN",NA,1,"-",22.1
"527",3,3,6,"No","PIEN",NA,1,"-",21.9
"528",3,3,7,"No","PIEN",NA,1,"-",11.3
"529",3,3,8,"No","PIEN",NA,1,"-",16.5
"530",3,3,9,"No","PIEN",NA,1,"-",19
"531",3,3,10,"No","PIEN",NA,1,"-",16.3
"532",3,3,11,"No","PIEN",NA,1,"-",5.1
"533",3,3,12,"Yes","PIEN",103,1,"-",24.6
"534",3,3,13,"No","PIEN",NA,1,"-",16
"535",3,3,14,"No","PIEN",NA,1,"-",6.2
"536",3,3,15,"No","PIEN",NA,1,"-",8.4
"537",3,3,17,"Yes","PIEN",NA,1,"-",8.6
"538",3,3,18,"No","PIEN",NA,1,"-",22.3
"539",3,3,19,"No","PIEN",NA,1,"-",12.9
"540",3,3,20,"No","PIEN",NA,1,"-",15.7
"541",3,3,21,"No","PIEN",NA,1,"-",15
"542",3,3,26,"No","ABBI",NA,1,"-",9.5
"543",3,3,27,"No","ABBI",NA,1,"-",9.8
"544",3,3,30,"Yes","ABBI",85,1,"-",10.1
"545",3,3,31,"Yes","PIEN",130,1,"-",23.5
"546",3,3,32,"No","PIEN",NA,1,"-",13.9
"547",3,3,33,"No","PIEN",NA,1,"-",7
"548",3,3,34,"Yes","ABBI",16,1,"-",6.7
"549",3,3,36,"Yes","PIEN",NA,1,"-",17.9
"550",3,4,1,"Yes","PIEN",16,1,"-",6.7
"551",3,4,2,"Yes","PIEN",53,1,"-",9.5
"552",3,4,3,"No","PIEN",NA,1,"-",11
"553",3,4,4,"Yes","PIEN",81,1,"-",16.5
"554",3,5,1,"Yes","PIEN",212,1,"-",17.5
"555",3,5,2,"Yes","PIEN",207,1,"-",31.7
"556",3,5,3,"No","PIEN",NA,1,"-",26.3
"557",3,5,4,"No","PIEN",NA,1,"-",26.4
"558",3,5,5,"Yes","ABBI",75,1,"-",5.6
"559",3,5,7,"Yes","PIEN",69,1,"-",14.9
"560",3,5,8,"No","PIEN",NA,1,"-",22.7
"561",3,5,9,"No","PIEN",NA,1,"-",15
"562",3,5,10,"No","PIEN",NA,1,"-",11.1
"563",3,5,12,"Yes","PIEN",127,1,"-",28.3
"564",3,5,13,"No","PIEN",NA,1,"-",14.9
"565",3,5,14,"No","PIEN",NA,1,"-",11.7
"566",3,5,15,"Yes","PIEN",96,1,"-",32.7
"567",3,5,16,"No","PIEN",NA,1,"-",21.1
"568",3,5,17,"No","PIEN",NA,1,"-",24
"569",3,5,19,"No","PIEN",NA,1,"-",30
"570",3,5,20,"Yes","PIEN",137,1,"-",10.3
"571",3,5,21,"No","PIEN",NA,1,"-",20.2
"572",3,5,22,"No","PIEN",NA,1,"-",25.8
"573",3,6,1,"Yes","PIEN",124,1,"-",26.2
"574",3,6,2,"Yes","PIEN",82,1,"-",12.3
"575",3,6,3,"No","PIEN",NA,1,"-",24.9
"576",3,6,4,"Yes","PIEN",NA,1,"-",29.9
"577",3,6,5,"No","PIEN",NA,1,"-",14.1
"578",3,6,6,"Yes","PIEN",104,1,"-",22.1
"579",3,7,1,"No","PIEN",NA,1,"-",12.6
"580",3,7,2,"Yes","PIEN",80,1,"-",8.2
"581",3,7,3,"Yes","PIEN",80,1,"-",14.6
"582",3,7,4,"No","PIEN",NA,1,"-",13.9
"583",3,7,5,"Yes","PIEN",187,1,"-",30.1
"584",3,7,6,"No","PIEN",NA,1,"-",14.2
"585",3,7,7,"No","PIEN",NA,1,"-",16.9
"586",3,7,8,"No","PIEN",NA,1,"-",17.8
"587",3,7,9,"No","PIEN",NA,1,"-",10.3
"588",3,7,10,"No","PIEN",NA,1,"-",25
"589",3,7,11,"No","PIEN",NA,1,"-",9.2
"590",3,7,12,"No","PIEN",NA,1,"-",23.7
"591",3,7,13,"No","PIEN",NA,1,"-",16.3
"592",3,7,14,"No","PIEN",NA,1,"-",9.4
"593",3,7,15,"No","PIEN",NA,1,"-",16.1
"594",3,7,16,"No","PIEN",NA,1,"-",15
"595",3,7,17,"Yes","PIEN",82,1,"-",12.3
"596",3,7,18,"Yes","PIEN",75,1,"-",21.3
"597",3,7,19,"No","PIEN",NA,1,"-",9.7
"598",3,8,1,"Yes","PIEN",74,1,"-",20.1
"599",3,8,2,"Yes","PIEN",83,1,"-",20.7
"600",3,8,3,"Yes","PIEN",89,1,"-",20.7
"601",3,8,4,"Yes","PIEN",75,1,"-",19.3
"602",3,8,5,"Yes","PIEN",108,1,"-",19
"603",3,9,1,"Yes","PIEN",136,1,"-",16.9
"604",3,9,2,"Yes","PIEN",81,1,"-",14
"605",3,9,3,"Yes","PIEN",NA,1,"-",54.8
"606",3,9,4,"No","PIEN",NA,1,"-",17.5
"607",3,9,5,"No","PIEN",NA,1,"-",12.7
"608",3,9,6,"No","PIEN",NA,1,"-",20.5
"609",3,9,7,"No","PIEN",NA,1,"-",18.3
"610",3,9,8,"Yes","PIEN",209,1,"-",34.4
"611",3,9,9,"Yes","PIEN",80,1,"-",9
"612",3,9,10,"Yes","PIEN",NA,1,"-",25.7
"613",3,9,11,"No","PIEN",NA,1,"-",18.8
"614",3,9,12,"No","PIEN",213,1,"-",17.1
"615",3,9,13,"No","PIEN",NA,1,"-",13.6
"616",3,9,14,"No","PIEN",NA,1,"-",18.2
"617",3,9,16,"No","PIEN",NA,1,"-",7.5
"618",3,9,17,"Yes","PIEN",83,1,"-",13.6
"619",3,9,18,"No","PIEN",NA,1,"-",21.8
"620",3,9,19,"No","PIEN",NA,1,"-",5
"621",3,9,20,"No","PIEN",NA,1,"-",6.2
"622",4,1,1,"Yes","PIEN",NA,1,"-",9.2
"623",4,1,2,"Yes","PIEN",NA,1,"-",12.1
"624",4,1,4,"Yes","PIEN",NA,1,"-",9.1
"625",4,1,5,"Yes","PIEN",NA,1,"-",8
"626",4,1,6,"Yes","PIEN",NA,1,"-",7.3
"627",4,1,7,"Yes","PIEN",NA,1,"-",8.5
"628",4,2,1,"Yes","PIEN",NA,1,"-",15.1
"629",4,2,2,"Yes","PIEN",NA,1,"-",9
"630",4,2,3,"Yes","PIEN",NA,1,"-",11
"631",4,3,1,"Yes","PIEN",NA,1,"-",7.6
"632",4,3,2,"Yes","PIEN",NA,1,"-",6
"633",4,4,1,"Yes","PIEN",NA,1,"-",24.5
"634",4,4,4,"Yes","PIEN",NA,1,"-",12.5
"635",4,4,5,"Yes","PIEN",NA,1,"-",9
"636",4,4,6,"Yes","PIEN",NA,1,"-",7
"637",4,5,1,"Yes","PIEN",NA,1,"-",6.8
"638",4,5,2,"Yes","PIEN",NA,1,"-",9.6
"639",4,5,3,"Yes","PIEN",NA,1,"-",9.4
"640",4,5,4,"Yes","PIEN",NA,1,"-",5.4
"641",4,6,1,"Yes","PIEN",NA,1,"-",10.5
"642",4,6,2,"Yes","PIEN",NA,1,"-",18
"643",4,6,3,"Yes","PIEN",NA,1,"-",17.5
"644",4,6,4,"Yes","PIEN",NA,1,"-",17.2
"645",4,6,5,"No","PIEN",NA,1,"-",18
"646",4,6,6,"Yes","PIEN",NA,1,"-",25.2
"647",4,6,7,"Yes","PIEN",NA,1,"-",23.2
"648",4,6,8,"Yes","PIEN",NA,1,"-",6
"649",4,7,1,"No","PIEN",NA,1,"-",12.2
"650",4,7,2,"No","PIEN",NA,1,"-",21
"651",4,7,3,"Yes","PIEN",NA,1,"-",22.9
"652",4,7,4,"No","PIEN",NA,1,"-",13.8
"653",4,7,5,"Yes","PIEN",NA,1,"-",10.3
"654",4,7,6,"No","PIEN",NA,1,"-",11.3
"655",4,7,7,"Yes","PIEN",NA,1,"-",21
"656",4,7,8,"Yes","PIEN",NA,1,"-",26
"657",4,7,9,"Yes","PIEN",NA,1,"-",29.9
"658",4,7,10,"No","PIEN",NA,1,"-",20
"659",4,7,11,"Yes","PIEN",NA,1,"-",12.8
"660",4,7,12,"No","PIEN",NA,1,"-",23
"661",4,7,13,"No","PIEN",NA,1,"-",12
"662",4,7,14,"Yes","PIEN",NA,1,"-",8.2
"663",4,8,1,"Yes","PIEN",NA,1,"-",21.1
"664",4,8,2,"Yes","PIEN",NA,1,"-",30.5
"665",4,8,3,"No","PIEN",NA,1,"-",21.5
"666",4,8,4,"No","PIEN",NA,1,"-",20.5
"667",4,8,5,"No","PIEN",NA,1,"-",16.8
"668",4,8,6,"No","PIEN",NA,1,"-",15
"669",4,8,7,"No","PIEN",NA,1,"-",8.5
"670",4,8,8,"Yes","PIEN",NA,1,"-",13.6
"671",4,8,9,"Yes","PIEN",NA,1,"-",10.4
"672",4,8,11,"No","PIEN",NA,1,"-",12.5
"673",4,8,13,"Yes","PIEN",NA,1,"-",6.3
"674",4,8,14,"No","PIEN",NA,1,"-",5.8
"675",4,8,15,"No","PIEN",NA,1,"-",49.5
"676",4,8,16,"Yes","PIEN",NA,1,"-",28.2
"677",4,9,1,"Yes","PIEN",NA,1,"-",5.8
"678",4,9,2,"Yes","PIEN",NA,1,"-",14.5
"679",4,9,3,"No","PIEN",NA,1,"-",14.7
"680",4,9,4,"Yes","PIEN",NA,1,"-",14.1
"681",4,9,5,"No","PIEN",NA,1,"-",14.6
"682",4,9,6,"No","PIEN",NA,1,"-",21.2
"683",4,9,7,"Yes","PIEN",NA,1,"-",14.9
"684",4,9,8,"Yes","ABBI",NA,1,"-",7.5
"685",4,10,1,"No","PIEN",NA,1,"-",21.1
"686",4,11,1,"Yes","PIEN",NA,1,"-",20.5
"687",4,11,2,"Yes","PIEN",NA,1,"-",23.2
"688",4,11,3,"Yes","PIEN",NA,1,"-",11.3
"689",4,11,4,"Yes","PIEN",NA,1,"-",18.8
"690",4,11,5,"No","PIEN",NA,1,"-",15.1
"691",4,11,6,"Yes","PIEN",NA,1,"-",33.5
"692",5,1,1,"","PIEN",NA,1,"-",NA
"693",5,1,2,"","ABBI",NA,1,"-",11.1
"694",5,1,4,"","PIEN",NA,1,"-",NA
"695",5,1,5,"","PIEN",NA,1,"-",NA
"696",5,1,6,"","ABBI",NA,1,"-",5.1
"697",5,1,7,"","ABBI",NA,1,"-",NA
"698",5,1,8,"","ABBI",NA,1,"-",28.2
"699",5,1,9,"","ABBI",NA,1,"-",NA
"700",5,1,10,"","ABBI",NA,1,"-",NA
"701",5,1,11,"","PIEN",NA,1,"-",NA
"702",5,1,12,"","ABBI",NA,1,"-",NA
"703",5,1,13,"","ABBI",NA,1,"-",9.2
"704",5,1,14,"","ABBI",NA,1,"-",6.7
"705",5,1,15,"","ABBI",NA,1,"-",5.6
"706",5,1,16,"","ABBI",NA,1,"-",6.5
"707",5,1,17,"","ABBI",NA,1,"-",13
"708",5,1,18,"","ABBI",NA,1,"-",11.2
"709",5,1,19,"","ABBI",NA,1,"-",7.9
"710",5,1,20,"","ABBI",NA,1,"-",10.3
"711",5,1,21,"","ABBI",NA,1,"-",10.5
"712",5,1,22,"","ABBI",NA,1,"-",15.2
"713",5,1,23,"","ABBI",NA,1,"-",10.5
"714",5,1,24,"","ABBI",NA,1,"-",17
"715",5,1,26,"","ABBI",NA,1,"2",7.1
"716",5,1,28,"","ABBI",NA,1,"-",7.8
"717",5,2,1,"","ABBI",NA,1,"-",13.1
"718",5,2,2,"","ABBI",NA,1,"-",5.7
"719",5,2,3,"","ABBI",NA,1,"-",7.3
"720",5,2,4,"","ABBI",NA,1,"-",8.9
"721",5,2,5,"","ABBI",NA,1,"-",8.5
"722",5,2,6,"","ABBI",NA,1,"-",9
"723",5,2,7,"","ABBI",NA,1,"-",9.9
"724",5,2,8,"","ABBI",NA,1,"-",10.9
"725",5,2,10,"","ABBI",NA,1,"-",10.5
"726",5,2,11,"","ABBI",NA,1,"-",12
"727",5,2,12,"","ABBI",NA,1,"-",12.3
"728",5,2,13,"","ABBI",NA,1,"-",8.8
"729",5,2,15,"","ABBI",NA,1,"-",9.2
"730",5,2,16,"","ABBI",NA,1,"-",8
"731",5,2,17,"","ABBI",NA,1,"-",6.8
"732",5,2,18,"","ABBI",NA,1,"-",11.2
"733",5,2,19,"","ABBI",NA,1,"-",5.8
"734",5,2,20,"","ABBI",NA,1,"-",7.5
"735",5,2,21,"","ABBI",NA,1,"-",6.9
"736",5,2,22,"","ABBI",NA,1,"-",6.2
"737",5,2,24,"","ABBI",NA,1,"-",7.4
"738",5,2,25,"","ABBI",NA,1,"-",5.6
"739",5,2,26,"","ABBI",NA,1,"-",6.2
"740",5,2,27,"","ABBI",NA,1,"-",8.4
"741",5,2,28,"","ABBI",NA,1,"-",6.1
"742",5,2,30,"","ABBI",NA,1,"-",6.6
"743",5,2,31,"","ABBI",NA,1,"-",7.3
"744",5,2,32,"","ABBI",NA,1,"-",7.2
"745",5,2,33,"","ABBI",NA,1,"-",6.9
"746",5,2,34,"","ABBI",NA,1,"-",15.6
"747",5,2,35,"","ABBI",NA,1,"-",7.7
"748",5,2,36,"","ABBI",NA,1,"-",8.7
"749",5,2,37,"","ABBI",NA,1,"-",6.9
"750",5,2,38,"","ABBI",NA,1,"-",7.3
"751",5,2,39,"","ABBI",NA,1,"-",8.4
"752",5,2,40,"","ABBI",NA,1,"-",8.6
"753",5,2,41,"","ABBI",NA,1,"-",8.5
"754",5,2,42,"","ABBI",NA,1,"-",8.5
"755",5,2,43,"","ABBI",NA,1,"-",7.6
"756",5,2,44,"","ABBI",NA,1,"-",6.3
"757",5,2,45,"","ABBI",NA,1,"-",6.6
"758",5,2,46,"","ABBI",NA,1,"-",6.7
"759",5,2,47,"","ABBI",NA,1,"-",8.5
"760",5,2,48,"","ABBI",NA,1,"-",7.3
"761",5,2,49,"","ABBI",NA,1,"-",6.1
"762",5,2,50,"","ABBI",NA,1,"-",6.8
"763",5,2,51,"","ABBI",NA,1,"-",7.3
"764",5,2,52,"","ABBI",NA,1,"-",5.9
"765",5,2,53,"","ABBI",NA,1,"-",9.1
"766",5,2,54,"","ABBI",NA,1,"-",6
"767",5,2,55,"","ABBI",NA,1,"-",8.5
"768",5,2,56,"","ABBI",NA,1,"-",7.2
"769",5,2,57,"","ABBI",NA,1,"-",9.1
"770",5,2,58,"","ABBI",NA,1,"-",9
"771",5,3,1,"","ABBI",NA,1,"-",6.1
"772",5,3,2,"","ABBI",NA,1,"-",9.8
"773",5,3,3,"","ABBI",NA,1,"-",11.8
"774",5,3,4,"","ABBI",NA,1,"-",7.3
"775",5,3,5,"","ABBI",NA,1,"-",7.5
"776",5,3,6,"","PIEN",NA,1,"-",9.7
"777",5,3,7,"","PIEN",NA,1,"-",9.7
"778",5,3,8,"","PIEN",NA,1,"-",7.4
"779",5,3,9,"","PIEN",NA,1,"-",10.2
"780",5,3,10,"","PIEN",NA,1,"-",10.2
"781",5,3,11,"","PIEN",NA,1,"-",12.3
"782",5,3,12,"","PIEN",NA,1,"-",8.9
"783",5,3,13,"","PIEN",NA,1,"-",8.2
"784",5,3,14,"","PIEN",NA,1,"-",9.3
"785",5,3,15,"","ABBI",NA,1,"-",6.5
"786",5,3,16,"","PIEN",NA,1,"-",6.1
"787",5,3,17,"","PIEN",NA,1,"-",5.8
"788",5,3,18,"","PIEN",NA,1,"-",8.4
"789",5,3,19,"","PIEN",NA,1,"-",12.1
"790",5,3,20,"","PIEN",NA,1,"-",6
"791",5,4,1,"","ABBI",NA,1,"-",10.1
"792",5,4,2,"","ABBI",NA,1,"-",9
"793",5,4,3,"","ABBI",NA,1,"-",6.2
"794",5,4,4,"","ABBI",NA,1,"-",7
"795",5,4,5,"","ABBI",NA,1,"-",7
"796",5,4,6,"","ABBI",NA,1,"-",5.8
"797",5,4,7,"","PIEN",NA,1,"-",15
"798",5,4,8,"","PIEN",NA,1,"-",12.5
"799",5,4,9,"","PIEN",NA,1,"-",6.4
"800",5,4,10,"","PIEN",NA,1,"-",10
"801",5,4,11,"","PIEN",NA,1,"-",6
"802",5,4,12,"","PIEN",NA,1,"-",22.5
"803",5,4,13,"","PIEN",NA,1,"-",10
"804",5,5,1,"","PIEN",NA,1,"-",5.9
"805",5,5,2,"","PIEN",NA,1,"-",7.3
"806",5,5,3,"","PIEN",NA,1,"-",6.5
"807",5,5,4,"","PIEN",NA,1,"-",20.7
"808",5,5,5,"","ABBI",NA,1,"-",10.9
"809",5,5,6,"","PIEN",NA,1,"-",5.6
"810",5,5,7,"","PIEN",NA,1,"-",12.3
"811",5,5,8,"","PIEN",NA,1,"-",10.8
"812",5,5,9,"","PIEN",NA,1,"-",20.1
"813",5,5,10,"","PIEN",NA,1,"-",8.4
"814",5,5,11,"","PIEN",NA,1,"-",25.4
"815",5,5,12,"","PIEN",NA,1,"-",5.9
"816",5,6,1,"","PIEN",NA,1,"-",6.3
"817",5,6,2,"","PIEN",NA,1,"-",6.7
"818",5,6,4,"","PIEN",NA,1,"-",11.5
"819",5,6,5,"","PIEN",NA,1,"-",30.2
"820",5,6,6,"","PIEN",NA,1,"-",15.8
"821",5,6,7,"","PIEN",NA,1,"-",16.4
"822",5,6,8,"","PIEN",NA,1,"-",12.8
"823",5,6,9,"","PIEN",NA,1,"-",17.7
"824",5,6,10,"","PIEN",NA,1,"-",19
"825",5,6,12,"","PIEN",NA,1,"-",9.9
"826",5,6,13,"","PIEN",NA,1,"-",15.8
"827",5,6,14,"","PIEN",NA,1,"-",13
"828",5,6,15,"","PIEN",NA,1,"-",8.3
"829",5,6,16,"","PIEN",NA,1,"-",6.4
"830",5,6,17,"","PIEN",NA,1,"-",22.4
"831",5,6,19,"","PIEN",NA,1,"-",25.2
"832",5,6,20,"","PIEN",NA,1,"-",21.2
"833",5,6,21,"","PIEN",NA,1,"-",11.8
"834",5,6,22,"","PIEN",NA,1,"-",15.3
"835",5,6,23,"","PIEN",NA,1,"-",16.9
"836",5,6,25,"","PIEN",NA,1,"-",20.2
"837",5,6,26,"","PIEN",NA,1,"-",23.2
"838",5,7,1,"","PIEN",NA,1,"-",19.6
"839",5,7,2,"","PIEN",NA,1,"-",13.4
"840",5,7,3,"","PIEN",NA,1,"-",26.3
"841",5,7,4,"","PIEN",NA,1,"-",24.4
"842",5,7,5,"","PIEN",NA,1,"-",14.3
"843",5,7,7,"","PIEN",NA,1,"-",13.1
"844",5,7,8,"","PIEN",NA,1,"-",14.7
"845",5,7,9,"","PIEN",NA,1,"-",17.3
"846",5,7,10,"","PIEN",NA,1,"-",11.7
"847",5,7,11,"","PIEN",NA,1,"-",6.6
"848",5,7,12,"","PIEN",NA,1,"-",9.6
"849",5,7,13,"","PIEN",NA,1,"-",12.3
"850",5,7,14,"","PIEN",NA,1,"-",6.7
"851",5,8,1,"","PIEN",NA,1,"-",17.3
"852",5,8,2,"","PIEN",NA,1,"-",22.2
"853",5,8,3,"","PIEN",NA,1,"-",26.9
"854",5,8,4,"","PIEN",NA,1,"-",8
"855",5,8,5,"","PIEN",NA,1,"-",12
"856",5,8,11,"","PIEN",NA,1,"-",8.1
"857",5,8,12,"","PIEN",NA,1,"-",14.1
"858",5,9,1,"","PIEN",NA,1,"-",11.9
"859",5,9,2,"","PIEN",NA,1,"-",25.7
"860",5,9,3,"","PIEN",NA,1,"-",23
"861",5,9,4,"","PIEN",NA,1,"-",20
"862",5,9,5,"","PIEN",NA,1,"-",10.3
"863",5,9,6,"","PIEN",NA,1,"-",12.9
"864",5,9,7,"","PIEN",NA,1,"-",12.5
"865",5,9,8,"","PIEN",NA,1,"-",30.1
"866",5,9,9,"","PIEN",NA,1,"-",18.7
"867",5,9,10,"","PIEN",NA,1,"-",14.2
"868",5,9,12,"","PIEN",NA,1,"-",14.2
"869",5,9,13,"","PIEN",NA,1,"-",8.7
"870",5,9,14,"","PIEN",NA,1,"-",15
"871",5,9,15,"","PIEN",NA,1,"-",19.3
"872",5,9,17,"","PIEN",NA,1,"-",5.7
"873",1,7,23,"No","ABBI",NA,2,"4",6.3
"874",1,14,2,"No","ABBI",NA,2,"3",9.2
"875",1,14,12,"No","ABBI",NA,2,"5",21.8
"876",1,14,19,"No","ABBI",NA,2,"2",16.4
"877",1,15,34,"No","ABBI",NA,2,"1",32.6
"878",1,15,36,"No","ABBI",NA,2,"2",15.2
"879",1,15,37,"No","ABBI",NA,2,"2",18
"880",1,15,38,"No","ABBI",NA,2,"3",20.1
"881",1,15,40,"No","ABBI",NA,2,"2",6
"882",1,16,6,"No","PIEN",NA,2,"5",68.4
"883",1,17,8,"No","PIEN",NA,2,"2",14.7
"884",1,17,9,"No","PIEN",NA,2,"2",40.9
"885",1,17,13,"No","PIEN",NA,2,"2",5.4
"886",1,18,1,"no","PIEN",NA,2,"4",48.2
"887",1,18,3,"No","ABBI",NA,2,"2",56.9
"888",1,19,2,"No","ABBI",NA,2,"2",19.4
"889",1,19,4,"No","PIEN",NA,2,"2",60.3
"890",1,19,5,"No","ABBI",NA,2,"2",47.5
"891",1,19,9,"No","ABBI",NA,2,"2",17.4
"892",2,10,5,"No","PIEN",NA,2,"5",20.4
"893",2,11,5,"No","PIEN",NA,2,"-",25.9
"894",2,14,8,"No","ABBI",NA,2,"1",10.1
"895",2,15,3,"No","ABBI",NA,2,"3",30.5
"896",2,15,6,"No","ABBI",NA,2,"2",30.1
"897",2,15,7,"No","ABBI",NA,2,"2",16.3
"898",2,15,8,"No","ABBI",NA,2,"3",10.6
"899",2,17,5,"no","ABBI",NA,2,"2",14.7
"900",3,3,23,"No","ABBI",NA,2,"2",6.1
"901",3,3,24,"No","ABBI",NA,2,"1",6.5
"902",5,1,25,"","ABBI",NA,2,"2",7.8
"903",5,6,24,"","PIEN",NA,2,"2",28.6
"904",1,16,5,"No","PIEN",NA,3,"5",66.5
"905",2,17,3,"No","ABBI",NA,3,"4",19.6
"906",3,5,6,"No","PIEN",NA,3,"2",21.4
"907",4,11,7,"No","PIEN",NA,3,"5",12
"908",5,2,9,"","ABBI",NA,3,"-",12
"909",5,6,3,"","PIEN",NA,3,"5",10
"910",1,5,1,"No","ABBI",NA,6,"2",12
"911",1,5,2,"No","ABBI",NA,6,"5",12.5
"912",1,5,3,"No","ABBI",NA,6,"4",22
"913",1,7,14,"No","ABBI",NA,6,"2",8
"914",1,7,27,"No","ABBI",NA,6,"3",10
"915",1,7,28,"No","ABBI",NA,6,"3",7
"916",1,7,29,"No","ABBI",NA,6,"3",5
"917",1,16,3,"No","ABBI",NA,6,"2",14
"918",1,17,21,"No","ABBI",NA,6,"4",12.9
"919",1,18,8,"No","ABBI",NA,6,"5",32.6
"920",1,19,7,"No","ABBI",NA,6,"4",39.3
"921",1,19,10,"No","ABBI",NA,6,"7",28
"922",1,19,11,"No","PIEN",NA,6,"5",38
"923",1,20,10,"No","ABBI",NA,6,"2",22
"924",2,8,4,"No","ABBI",NA,6,"5",15
"925",2,10,3,"No","ABBI",NA,6,"7",15
"926",2,13,2,"No","ABBI",NA,6,"5",12
"927",2,15,4,"No","ABBI",NA,6,"3",23.8
"928",2,15,5,"No","ABBI",NA,6,"6",30
"929",2,15,11,"No","ABBI",NA,6,"3",13
"930",2,15,14,"No","ABBI",NA,6,"5",11
"931",2,22,3,"No","ABBI",NA,6,"5",20.4
"932",3,1,7,"No","ABBI",NA,6,"5",14.9
"933",3,1,20,"No","PIEN",NA,6,"5",13
"934",3,1,21,"No","PIEN",NA,6,"5",31
"935",3,1,22,"No","PIEN",NA,6,"5",17
"936",3,2,21,"No","PIEN",NA,6,"6",11.2
"937",3,2,22,"No","ABBI",NA,6,"5",20
"938",3,3,22,"No","PIEN",NA,6,"4",15
"939",3,3,25,"No","ABBI",NA,6,"4",11.5
"940",3,3,28,"No","ABBI",NA,6,"2",14.5
"941",3,3,29,"No","ABBI",NA,6,"2",15
"942",3,5,18,"No","PIEN",NA,6,"4",6.7
"943",3,9,15,"No","PIEN",NA,6,"3",6.4
"944",3,9,21,"No","PIEN",NA,6,"4",17.1
"945",4,1,3,"No","PIEN",NA,6,"6",12
"946",4,4,2,"No","PIEN",NA,6,"7",9
"947",4,4,3,"No","PIEN",NA,6,"7",12
"948",4,7,15,"No","PIEN",NA,6,"7",25
"949",4,7,16,"No","PIEN",NA,6,"7",15
"950",4,8,10,"No","PIEN",NA,6,"7",25
"951",4,8,12,"No","PIEN",NA,6,"6",22
"952",5,2,14,"","ABBI",NA,6,"6",20
"953",5,2,23,"","ABBI",NA,6,"6",15
"954",5,2,29,"","ABBI",NA,6,"6",12
"955",5,6,11,"","PIEN",NA,6,"6",18.4
"956",5,6,18,"","PIEN",NA,6,"6",25
"957",5,7,6,"","PIEN",NA,6,"2",30
"958",5,8,6,"","PIEN",NA,6,"6",15
"959",5,8,7,"","PIEN",NA,6,"6",17
"960",5,8,8,"","PIEN",NA,6,"6",18
"961",5,8,9,"","PIEN",NA,6,"6",19.5
"962",5,8,10,"","PIEN",NA,6,"6",17.5
"963",5,9,11,"","PIEN",NA,6,"6",10
"964",5,9,16,"","PIEN",NA,6,"6",19
"965",5,1,27,"","ABBI",NA,NA,"-",NA
"966",5,1,27,"","ABBI",NA,NA,"-",NA
"967",5,1,27,"","ABBI",NA,NA,"-",NA
"968",1,20,10,"No","ABBI",113,6,"2",22
"969",1,20,8,"No","PIEN",143,6,"7",40
"970",1,19,7,"No","ABBI",142,6,"4",39.3
"971",1,19,10,"No","ABBI",123,6,"7",28
"972",1,19,5,"No","ABBI",156,2,"2",47.5
"973",1,19,4,"No","PIEN",178,2,"2",60.3
"974",1,19,2,"No","ABBI",108,2,"2",19.4
"975",1,19,9,"No","ABBI",105,2,"2",17.4
"976",1,19,11,"No","PIEN",140,6,"5",38
"977",1,18,8,"No","ABBI",131,6,"5",32.6
"978",1,18,3,"No","ABBI",172,2,"2",56.9
"979",1,18,1,"no","PIEN",157,2,"4",48.2
"980",1,17,9,"No","PIEN",145,2,"2",40.9
"981",1,17,21,"No","ABBI",97,6,"4",12.9
"982",1,17,8,"No","PIEN",100,2,"2",14.7
"983",1,17,13,"No","PIEN",85,2,"2",5.4
"984",1,16,5,"No","PIEN",188,3,"5",66.5
"985",1,16,6,"No","PIEN",191,2,"5",68.4
"986",1,16,3,"No","ABBI",99,6,"2",14
"987",1,16,4,"No","PIEN",177,6,"7",60
"988",1,15,34,"No","ABBI",131,2,"1",32.6
"989",1,15,38,"No","ABBI",110,2,"3",20.1
"990",1,15,37,"No","ABBI",106,2,"2",18
"991",1,15,36,"No","ABBI",101,2,"2",15.2
"992",1,15,40,"No","ABBI",86,2,"2",6
"993",1,14,12,"No","ABBI",112,2,"5",21.8
"994",1,14,19,"No","ABBI",103,2,"2",16.4
"995",1,14,2,"No","ABBI",91,2,"3",9.2
"996",1,14,52,"No","PIEN",152,6,"7",45
"997",1,14,43,"No","PIEN",109,6,"7",20
"998",1,7,27,"No","ABBI",92,6,"3",10
"999",1,7,14,"No","ABBI",89,6,"2",8
"1000",1,7,28,"No","ABBI",87,6,"3",7
"1001",1,7,29,"No","ABBI",84,6,"3",5
"1002",1,7,23,"No","ABBI",86,2,"4",6.3
"1003",1,5,3,"No","ABBI",113,6,"4",22
"1004",1,5,2,"No","ABBI",97,6,"5",12.5
"1005",1,5,1,"No","ABBI",96,6,"2",12
"1006",2,22,3,"No","ABBI",110,6,"5",20.4
"1007",2,20,1,"No","PIEN",177,6,"-",60
"1008",2,17,3,"No","ABBI",109,3,"4",19.6
"1009",2,17,5,"no","ABBI",100,2,"2",14.7
"1010",2,15,5,"No","ABBI",126,6,"6",30
"1011",2,15,4,"No","ABBI",116,6,"3",23.8
"1012",2,15,3,"No","ABBI",127,2,"3",30.5
"1013",2,15,6,"No","ABBI",126,2,"2",30.1
"1014",2,15,11,"No","ABBI",98,6,"3",13
"1015",2,15,14,"No","ABBI",94,6,"5",11
"1016",2,15,7,"No","ABBI",103,2,"2",16.3
"1017",2,15,8,"No","ABBI",93,2,"3",10.6
"1018",2,14,8,"No","ABBI",93,2,"1",10.1
"1019",2,13,2,"No","ABBI",96,6,"5",12
"1020",2,11,5,"No","PIEN",119,2,"5",25.9
"1021",2,10,3,"No","ABBI",101,6,"7",15
"1022",2,10,5,"No","PIEN",110,2,"5",20.4
"1023",2,8,4,"No","ABBI",101,6,"5",15
"1024",3,9,21,"No","PIEN",104,6,"4",17.1
"1025",3,9,15,"No","PIEN",86,6,"3",6.4
"1026",3,5,6,"No","PIEN",112,3,"2",21.4
"1027",3,5,11,"No","PIEN",106,6,"7",18
"1028",3,5,18,"No","PIEN",87,6,"4",6.7
"1029",3,3,29,"No","ABBI",101,6,"2",15
"1030",3,3,28,"No","ABBI",100,6,"2",14.5
"1031",3,3,25,"No","ABBI",95,6,"4",11.5
"1032",3,3,24,"No","ABBI",87,2,"1",6.5
"1033",3,3,23,"No","ABBI",86,2,"2",6.1
"1034",3,3,22,"No","PIEN",101,6,"4",15
"1035",3,2,22,"No","ABBI",109,6,"5",20
"1036",3,2,21,"No","PIEN",94,6,"6",11.2
"1037",3,1,7,"No","ABBI",101,6,"5",14.9
"1038",3,1,21,"No","PIEN",128,6,"5",31
"1039",3,1,22,"No","PIEN",104,6,"5",17
"1040",3,1,20,"No","PIEN",98,6,"5",13
"1041",4,11,7,"No","PIEN",96,3,"5",12
"1042",4,8,10,"No","PIEN",118,6,"7",25
"1043",4,8,12,"No","PIEN",113,6,"6",22
"1044",4,7,15,"No","PIEN",118,6,"7",25
"1045",4,7,16,"No","PIEN",101,6,"7",15
"1046",4,4,3,"No","PIEN",96,6,"7",12
"1047",4,4,2,"No","PIEN",91,6,"7",9
"1048",4,1,3,"No","PIEN",96,6,"6",12
"1049",5,9,16,"","PIEN",108,6,"6",19
"1050",5,9,11,"","PIEN",92,6,"6",10
"1051",5,8,9,"","PIEN",109,6,"6",19.5
"1052",5,8,8,"","PIEN",106,6,"6",18
"1053",5,8,10,"","PIEN",105,6,"6",17.5
"1054",5,8,7,"","PIEN",104,6,"6",17
"1055",5,8,6,"","PIEN",101,6,"6",15
"1056",5,7,6,"","PIEN",126,6,"2",30
"1057",5,6,24,"","PIEN",124,2,"2",28.6
"1058",5,6,3,"","PIEN",92,3,"5",10
"1059",5,6,18,"","PIEN",118,6,"6",25
"1060",5,6,11,"","PIEN",107,6,"6",18.4
"1061",5,2,14,"","ABBI",109,6,"6",20
"1062",5,2,23,"","ABBI",101,6,"6",15
"1063",5,2,29,"","ABBI",96,6,"6",12
"1064",5,2,9,"","ABBI",96,3,"3",12
"1065",5,1,25,"","ABBI",89,2,"2",7.8
"1066",5,1,3,"","PIEN",101,6,"6",15
