Transect #,Plot #,Tree #,Core,Species,Age,Status,Ht.,Decay,Az.,x,y,DBH,Dist.,AZMTH,BA (m^2/ha),25% Decay,50% Decay,75% Decay,Notes
1,1,1,Yes,ABBI,41,1,2,-,-,,,20.7,7.4,256,0.033653605,,,,
1,1,2,Yes,ABBI,96,1,2,-,-,,,21.7,7.1,243,0.036983701,,,,
1,1,3,Yes,ABBI,124,1,2,-,-,,,21.2,8.1,240,0.035299018,,,,
1,1,4,No,ABBI,,1,-,-,-,,,SAP,8.3,237,,,,,
1,1,5,No,ABBI,,1,5,-,-,,,8.3,8.1,232,0.005410621,,,,
1,1,6,No,ABBI,,1,-,-,-,,,SAP,7.6,234,,,,,
1,1,7,No,ABBI,,1,3,-,-,,,9,8.52,234,0.00636174,,,,
1,1,8,No,ABBI,,1,-,-,-,,,7.3,8.86,228,0.004185397,,,,plus 1 PIEN Sapling
1,1,9,No,ABBI,,1,5,-,-,,,7.5,7.79,230,0.004417875,,,,Multi-stemmed clump from single root mass ?7 stems
1,1,10,Yes,ABBI,,1,-,-,-,,,SAP,8.18,226,,,,,
1,1,11,No,ABBI,78,1,5,-,-,,,8.2,8.26,228,0.00528103,,,,
1,1,12,No,ABBI,,1,5,-,-,,,11.8,8.59,227,0.01093591,,,,
1,1,13,No,ABBI,,1,-,-,-,,,SAP,7.95,218,,,,,
1,1,14,No,ABBI,,1,5,-,-,,,8.1,8.95,221,0.005153009,,,,
1,1,15,Yes,ABBI,,1,5,-,-,,,10.9,8.55,224,0.009331337,,,,
1,1,16,No,ABBI,,1,5,-,-,,,SAP,9.38,224,,,,,
1,1,17,Yes,ABBI,39,1,5,-,-,,,6.1,8.46,218,0.002922473,,,,
1,1,18,No,ABBI,,1,-,-,-,,,SAP,8.34,219,,,,,
1,1,19,No,ABBI,,1,-,-,-,,,SAP,8.57,218,,,,,
1,1,20,No,ABBI,,1,-,-,-,,,SAP,8.24,218,,,,,
1,1,21,No,ABBI,,1,5,-,-,,,11.8,8.94,221,0.01093591,,,,
1,1,22,No,ABBI,,1,5,-,-,,,9.5,9.25,221,0.007088235,,,,
1,1,23,No,ABBI,,1,5,-,-,,,SAP,8.64,206,,,,,
1,1,24,No,ABBI,,1,-,-,-,,,SAP,9,206,,,,,
1,1,25,No,ABBI,,1,-,-,-,,,SAP,9.2,208,,,,,
1,1,26,No,ABBI,,1,-,-,-,,,SAP,9.8,210,,,,,
1,1,27,No,ABBI,,1,5,-,-,,,10.4,10.14,214,0.008494886,,,,
1,1,28,No,ABBI,,1,-,-,-,,,SAP,10.24,214,,,,,
1,1,29,No,ABBI,,1,-,-,-,,,SAP,10.71,212,,,,,
1,1,30,No,ABBI,,1,-,-,-,,,SEED,10.58,232,,,,,
1,1,31,No,ABBI,,1,-,-,-,,,SEED,10.58,232,,,,,
1,1,32,No,ABBI,,1,-,-,-,,,SEED,10.58,232,,,,,
1,1,33,No,ABBI,,1,-,-,-,,,SAP,19.56,188,,,,,
1,1,34,No,ABBI,,1,-,-,-,,,SAP,19.67,190,,,,,
1,2,1,Yes,ABBI,68,1,5,-,-,,,7.7,8.23,206,0.004656637,,,,
1,2,2,No,ABBI,,1,5,-,-,,,8.5,8.61,208,0.005674515,,,,
1,2,3,No,ABBI,,1,5,-,-,,,7.5,9.13,206,0.004417875,,,,
1,2,4,Yes,ABBI,97,1,5,-,-,,,11.5,9.05,201,0.010386915,,,,
1,2,5,No,ABBI,,1,5,-,-,,,12,9.4,205,0.01130976,,,,
1,2,6,No,ABBI,,1,5,-,-,,,7.7,9.48,200,0.004656637,,,,
1,2,7,No,ABBI,,1,5,-,-,,,9.6,9.96,203,0.007238246,,,,
1,2,8,No,ABBI,,1,5,-,-,,,5.8,10.07,202,0.002642086,,,,
1,2,9,Yes,ABBI,96,1,5,-,-,,,13,10.32,201,0.01327326,,,,
1,2,10,Yes,ABBI,,1,5,-,-,,,16,10.18,201,0.02010624,,,,
1,2,11,Yes,ABBI,89,1,5,-,-,,,15.4,10.74,200,0.018626546,,,,
1,3,1,Yes,PIEN,80,1,5,-,-,,,30.4,8.75,202,0.072583526,,,,
1,3,2,Yes,PIEN,53,1,5,-,-,,,17.4,11.67,196,0.02377877,,,,
1,3,3,No,PIEN,,1,5,-,-,,,7.2,13.61,209,0.004071514,,,,
1,3,4,No,PIEN,,1,5,-,-,,,10.5,14.76,210,0.008659035,,,,
1,3,5,No,PIEN,,1,5,-,-,,,10,14.65,211,0.007854,,,,
1,3,6,Yes,PIEN,87,1,5,-,-,,,8.4,15.4,208,0.005541782,,,,
1,3,7,Yes,PIEN,,1,5,-,-,,,8.6,15.8,209,0.005808818,,,,
1,3,8,Yes,PIEN,132,1,5,-,-,,,16.7,15.65,207,0.021904021,,,,
1,3,9,Yes,PIEN,87,1,5,-,-,,,10.7,20.01,201,0.008992045,,,,
1,3,10,Yes,PIEN,105,1,5,-,-,,,17.1,20.41,198,0.022965881,,,,
1,4,1,No,PIEN,,1,5,-,-,,,8,5.47,246,0.00502656,,,,
1,4,2,No,PIEN,95,1,5,-,-,,,10.6,6.75,232,0.008824754,,,,
1,4,3,Yes,PIEN,,1,5,-,-,,,11.5,7.04,229,0.010386915,,,,two stems
1,4,4,Yes,PIEN,109,1,5,-,-,,,11.4,6.62,221,0.010207058,,,,
1,4,5,Yes,PIEN,87,1,5,-,-,,,13.9,6.7,219,0.015174713,,,,
1,4,6,No,PIEN,,1,5,-,-,,,9.5,7.81,198,0.007088235,,,,2 stems
1,4,7,No,PIEN,,1,5,-,-,,,13.4,7.45,222,0.014102642,,,,
1,4,8,Yes,PIEN,92,1,5,-,-,,,22.3,7.52,225,0.039057157,,,,
1,5,4,Yes,ABBI,74,1,5,-,-,,,14.5,9.06,230,0.016513035,,,,
1,5,5,Yes,ABBI,120,1,5,-,-,,,21.8,20.47,179,0.03732535,,,,
1,5,6,No,ABBI,,1,5,-,-,,,14,20.61,196,0.01539384,,,,
1,5,7,No,ABBI,,1,5,-,-,,,10.8,19.71,198,0.009160906,,,,
1,5,8,No,ABBI,,1,5,-,-,,,9.3,20.25,199,0.006792925,,,,big dead stems (3)
1,5,9,No,ABBI,,1,5,-,-,,,11.8,20.64,199,0.01093591,,,,
1,5,10,Yes,ABBI,88,1,5,-,-,,,12.5,20.24,200,0.012271875,,,,2 stems (1 dead)
1,5,11,Yes,ABBI,83,1,5,-,-,,,18.4,19.4,200,0.026590502,,,,
1,5,12,Yes,ABBI,56,1,5,-,-,,,9.2,20.56,202,0.006647626,,,,
1,6,1,Yes,PIEN,138,1,5,-,-,,,15,9.45,246,0.0176715,,,,
1,6,2,Yes,PIEN,92,1,5,-,-,,,8.8,9.83,242,0.006082138,,,,
1,6,3,Yes,PIEN,56,1,2,-,-,,,22,9.36,239,0.03801336,,,,
1,6,4,No,PIEN,,1,2,-,-,,,21.3,9.71,239,0.035632813,,,,
1,6,5,Yes,ABBI,,1,5,-,-,,,8.2,8.6,227,0.00528103,,,,
1,6,6,No,ABBI,,1,5,-,-,,,6,9.2,233,0.00282744,,,,
1,6,7,No,ABBI,,1,5,-,-,,,5.8,9.78,232,0.002642086,,,,
1,6,8,No,ABBI,111,1,5,-,-,,,12.5,8.32,229,0.012271875,,,,
1,6,9,Yes,ABBI,121,1,4,-,-,,,13,8.78,225,0.01327326,,,,
1,6,10,No,ABBI,,1,4,-,-,,,10.3,9.12,225,0.008332309,,,,
1,6,11,No,ABBI,,1,5,-,-,,,6.5,9.6,222,0.003318315,,,,
1,6,12,No,ABBI,,1,5,-,-,,,8.5,10,219,0.005674515,,,,
1,6,13,No,ABBI,107,1,3,-,-,,,20,10.22,218,0.031416,,,,
1,6,14,No,ABBI,,1,5,-,-,,,5,10.45,218,0.0019635,,,,
1,6,15,No,ABBI,,1,5,-,-,,,21.6,10.96,219,0.036643622,,,,
1,6,16,No,ABBI,,1,5,-,-,,,8.4,11.78,219,0.005541782,,,,
1,6,17,No,ABBI,,1,5,-,-,,,12.8,10.5,226,0.012867994,,,,
1,6,18,No,ABBI,,1,5,-,-,,,13,10,230,0.01327326,,,,
1,6,19,No,ABBI,,1,5,-,-,,,12.5,9.81,233,0.012271875,,,,
1,6,20,No,ABBI,,1,5,-,-,,,6.7,9.94,229,0.003525661,,,,
1,6,21,No,ABBI,,1,5,-,-,,,7,9.95,229,0.00384846,,,,
1,6,22,No,ABBI,,1,5,-,-,,,6,9.56,233,0.00282744,,,,
1,6,23,No,ABBI,,1,5,-,-,,,5.7,9.57,233,0.002551765,,,,
1,7,1,Yes,ABBI,80,1,5,-,-,,,16.2,6.57,252,0.020612038,,,,
1,7,2,No,ABBI,,1,5,-,-,,,17.9,7.16,258,0.025165001,,,,
1,7,3,No,ABBI,,1,5,-,-,,,17,7.07,262,0.02269806,,,,
1,7,4,No,ABBI,,1,5,-,-,,,11.5,8.48,266,0.010386915,,,,
1,7,5,No,ABBI,,1,5,-,-,,,9.8,8.7,266,0.007542982,,,,
1,7,6,No,ABBI,,1,5,-,-,,,9.5,7.63,261,0.007088235,,,,
1,7,7,No,ABBI,,1,5,-,-,,,16,8.54,257,0.02010624,,,,
1,7,8,No,ABBI,,1,5,-,-,,,7.4,9.03,257,0.00430085,,,,
1,7,9,Yes,ABBI,58,1,5,-,-,,,13.1,6.78,250,0.013478249,,,,
1,7,10,Yes,ABBI,107,1,5,-,-,,,10.5,7.69,247,0.008659035,,,,
1,7,11,No,ABBI,,1,5,-,,,,8.3,7.74,251,0.005410621,,,,
1,7,12,Yes,ABBI,112,1,5,-,-,,,21.5,8.29,250,0.036305115,,,,
1,7,13,Yes,ABBI,55,1,5,-,-,,,7,9.86,250,0.00384846,,,,
1,7,15,Yes,PIEN,68,1,5,-,-,,,21.7,12.98,222,0.036983701,,,,
1,7,16,No,PIEN,,1,5,-,-,,,22.8,11.09,196,0.040828234,,,,
1,7,17,Yes ,PIEN,126,1,4,-,-,,,22.1,10.85,194,0.038359721,,,,
1,7,18,Yes,PIEN,218,1,5,-,-,,,15.2,11.81,200,0.018145882,,,,
1,7,19,Yes,PIEN,130,1,4,-,-,,,27,12.46,195,0.05725566,,,,
1,7,20,Yes,PIEN,118,1,5,-,-,,,25.3,13.12,199,0.050272669,,,,
1,7,21,Yes,PIEN,123,1,5,-,-,,,10.9,12.87,198,0.009331337,,,,
1,7,22,No,ABBI,,1,5,-,-,,,11.1,13.75,205,0.009676913,,,,
1,7,24,Yes,ABBI,137,1,4,-,-,,,18.3,14.44,204,0.026302261,,,,
1,7,25,No,ABBI,,1,5,-,-,,,13,15.65,203,0.01327326,,,,
1,7,26,No,ABBI,,1,5,-,-,,,9.7,16.1,207,0.007389829,,,,
1,7,30,Yes,ABBI,120,1,5,-,-,,,8.8,14.54,200,0.006082138,,,,
1,7,31,No,ABBI,,1,5,-,-,,,7.1,15.04,199,0.003959201,,,,
1,7,32,No,ABBI,,1,5,-,-,,,9.7,15.35,198,0.007389829,,,,
1,7,33,Yes,ABBI,60,1,4,-,-,,,29.3,15.72,198,0.067425805,,,,
1,7,34,Yes,ABBI,31,1,5,-,-,,,20.8,17.24,198,0.033979546,,,,
1,7,35,No,ABBI,,1,5,-,-,,,15.1,16.94,198,0.017907905,,,,
1,7,36,No,ABBI,,1,5,-,-,,,8,17.09,203,0.00502656,,,,
1,7,37,No,ABBI,,1,5,-,-,,,8.1,17.28,202,0.005153009,,,,
1,7,38,No,ABBI,,1,5,-,-,,,17.3,18.12,205,0.023506237,,,,
1,7,39,No,ABBI,,1,5,-,-,,,7,17.95,204,0.00384846,,,,
1,8,1,Yes,ABBI,34,1,5,-,-,,,6.5,10.05,192,0.003318315,,,,
1,9,1,No,PIEN,,1,4,-,-,,,17.6,4.55,265,0.02432855,,,,
1,9,2,No,PIEN,,1,4,-,-,,,17.8,4.33,262,0.024884614,,,,
1,9,3,No,PIEN,,1,4,-,-,,,18,4.1,262,0.02544696,,,,
1,9,4,Yes,PIEN,152,1,4,-,-,,,29.1,4.42,263,0.066508457,,,,
1,9,5,No ,PIEN,,1,4,-,-,,,24.4,4.67,262,0.046759574,,,,
1,9,6,Yes,ABBI,44,1,5,-,-,,,9.7,4.22,223,0.007389829,,,,
1,9,7,Yes,PIEN,34,1,5,-,-,,,9.8,16.65,203,0.007542982,,,,
1,10,1,No,PIEN,86,1,5,-,-,,,28.1,9.2,191,0.062015969,,,,
1,10,2,No,PIEN,29,1,5,-,-,,,8.6,10.85,192,0.005808818,,,,
1,11,1,No,PIEN,,1,5,-,-,,,36.1,9.39,225,0.102354113,,,,
1,12,1,No,PIEN,53,1,5,-,-,,,15.1,5.02,229,0.017907905,,,,
1,13,1,No,ABBI,,1,5,-,-,,,5.5,1.23,226,0.002375835,,,,
1,13,2,Yes,ABBI,25,1,5,-,-,,,6,1.56,226,0.00282744,,,,
1,13,3,No,PIEN,,1,5,-,-,,,8.5,3.55,261,0.005674515,,,,
1,13,4,No,PIEN,,1,5,-,-,,,11,3.17,249,0.00950334,,,,
1,13,5,No,PIEN,,1,5,-,-,,,9.1,3.61,235,0.006503897,,,,
1,13,6,Yes,PIEN,258,1,2,-,-,,,38.1,5.38,237,0.114009449,,,,
1,13,7,No,PIEN,,1,1,-,-,,,42.7,5.34,219,0.143201197,,,,
1,13,8,Yes,PIEN,85,1,5,-,-,,,5.8,7.31,239,0.002642086,,,,
1,13,9,No,ABBI,,1,5,-,-,,,14.2,12.08,220,0.015836806,,,,
1,13,10,Yes,ABBI,80,1,3,-,-,,,23.1,12.63,219,0.041909729,,,,
1,13,11,No,ABBI,139,1,2,-,-,,,30.6,12.53,235,0.073541714,,,,
1,13,12,No,PIEN,,1,5,-,-,,,15.8,16.99,231,0.019606726,,,,totally decayed
1,13,13,No,ABBI,,1,5,-,-,,,17.2,17.73,231,0.023235274,,,,
1,13,14,No,ABBI,,1,4,-,-,,,38.2,9.34,240,0.11460871,,,,
1,13,15,Yes,ABBI,128,1,2,-,-,,,37,8.84,250,0.10752126,,,,
1,13,16,Yes,PIEN,133,1,5,-,-,,,15,6.35,257,0.0176715,,,,
1,13,17,Yes,ABBI,61,1,5,-,-,,,9,9.76,268,0.00636174,,,,3 stems hung up on live tree
1,13,18,No,ABBI,,1,5,-,-,,,14.1,9.36,266,0.015614537,,,,
1,13,19,Yes,ABBI,73,1,5,-,-,,,19.5,9.59,263,0.029864835,,,,
1,13,20,Yes,PIEN,131,1,5,-,-,,,5.2,9.92,261,0.002123722,,,,
1,14,1,Yes,ABBI,154,1,5,-,-,,,14,1.01,195,0.01539384,,,,
1,14,3,Yes,ABBI,127,1,3,-,-,,,30.9,1.96,204,0.074990777,,,,
1,14,4,No,ABBI,,1,5,-,-,,,11.2,6.24,190,0.009852058,,,,
1,14,5,Yes,PIEN,160,1,2,-,-,,,43.4,8.59,196,0.147934802,,,,
1,14,6,No,ABBI,,1,5,-,-,,,14.3,10.36,196,0.016060645,,,,
1,14,7,No,PIEN,,1,1,-,-,,,51.3,11.21,195,0.206692933,,,,
1,14,8,Yes,PIEN,131,1,2,-,-,,,33.3,11.97,202,0.087092221,,,,
1,14,9,No,PIEN,,1,2,-,-,,,39.5,8.61,204,0.122542035,,,,
1,14,10,Yes,ABBI,107,1,5,-,-,,,21.2,7.26,210,0.035299018,,,,
1,14,11,No,ABBI,,1,2,-,-,,,41,6.67,212,0.13202574,,,,
1,14,13,No,ABBI,,1,5,-,-,,,19.1,0.97,236,0.028652177,,,,
1,14,14,No,ABBI,,1,5,-,-,,,16.2,1.27,240,0.020612038,,,,
1,14,15,No,ABBI,,1,5,-,-,,,19.9,1.75,233,0.031102625,,,,
1,14,16,Yes,ABBI,,1,5,-,-,,,17.1,1.84,262,0.022965881,,,,
1,14,17,No,ABBI,,1,5,-,-,,,21.5,2.11,,0.036305115,,,,
1,14,18,No,ABBI,,1,5,-,-,,,11.2,4.3,267,0.009852058,,,,
1,14,20,Yes,ABBI,163,1,4,-,-,,,21.6,4.92,263,0.036643622,,,,
1,14,21,No,ABBI,,1,4,-,-,,,23.5,5.63,263,0.043373715,,,,
1,14,22,Yes,ABBI,98,1,5,-,-,,,8.2,6.02,260,0.00528103,,,,
1,14,23,No,ABBI,,1,5,-,-,,,6.2,6.84,260,0.003019078,,,,
1,14,24,No,ABBI,,1,5,-,-,,,9.2,5.94,252,0.006647626,,,,
1,14,25,No,ABBI,,1,5,-,-,,,8.6,6.28,248,0.005808818,,,,Crushed/Crooked
1,14,26,No,ABBI,,1,5,-,-,,,14.1,8.54,247,0.015614537,,,,
1,14,27,No,ABBI,,1,5,-,-,,,16.7,9.66,247,0.021904021,,,,
1,14,28,No,ABBI,,1,5,-,-,,,13.6,9.46,246,0.014526758,,,,
1,14,29,No,ABBI,,1,5,-,-,,,8,6.15,240,0.00502656,,,,
1,14,30,No,ABBI,,1,5,-,-,,,7.1,6.98,241,0.003959201,,,,
1,14,31,No,ABBI,,1,5,-,-,,,7,6.87,240,0.00384846,,,,
1,14,32,No,ABBI,,1,5,-,-,,,11.2,6.57,240,0.009852058,,,,
1,14,33,No,ABBI,,1,5,-,-,,,6,6.86,239,0.00282744,,,,
1,14,34,Yes,ABBI,96,1,5,-,-,,,16.4,7.94,240,0.021124118,,,,
1,14,35,No,ABBI,,1,5,-,-,,,12.2,7.59,232,0.011689894,,,,4 ABBI Sapling
1,14,36,No,ABBI,,1,5,-,-,,,10.8,9.79,232,0.009160906,,,,
1,14,37,No,ABBI,,1,5,-,-,,,5.8,9.24,232,0.002642086,,,,
1,14,38,No,ABBI,,1,5,-,-,,,12.2,7.63,223,0.011689894,,,,
1,14,39,No,ABBI,,1,5,-,-,,,17,8.5,222,0.02269806,,,,
1,14,40,No,ABBI,,1,5,-,-,,,10.5,8.05,220,0.008659035,,,,
1,14,41,No,ABBI,,1,5,-,-,,,13.6,9.15,220,0.014526758,,,,
1,14,42,No,ABBI,,1,4,-,-,,,29.6,13.59,225,0.068813606,,,,
1,14,44,No,ABBI,,1,5,-,-,,,11.6,15.19,218,0.010568342,,,,
1,14,45,No,ABBI,,1,5,-,-,,,18.7,15.78,216,0.027464653,,,,
1,14,46,No,ABBI,,1,5,-,-,,,14,14.86,215,0.01539384,,,,
1,14,47,No,ABBI,,1,5,-,-,,,15.8,15.95,214,0.019606726,,,,
1,14,48,No,ABBI,,1,5,-,-,,,16.6,16.47,213,0.021642482,,,,
1,14,49,Yes,ABBI,164,1,5,-,-,,,14.2,16,212,0.015836806,,,,
1,14,50,No,ABBI,,1,5,-,-,,,21.4,16.82,211,0.035968178,,,,
1,14,51,No,ABBI,,1,5,-,-,,,10.1,15.39,211,0.008011865,,,,
1,14,53,No,PIEN,,1,3,-,-,,,28.9,12.72,211,0.065597393,,,,
1,14,54,Yes,PIEN,153,1,1,-,-,,,58,20.56,211,0.26420856,,,,
1,14,55,No,ABBI,,1,5,-,-,,,18.4,14.76,203,0.026590502,,,,
1,14,56,No,ABBI,,1,5,-,-,,,5.9,14.7,200,0.002733977,,,,
1,14,57,No,ABBI,,1,5,-,-,,,23.4,16.44,200,0.043005362,,,,
1,14,58,Yes,ABBI,87,1,5,-,-,,,16.5,16.95,197,0.021382515,,,,
1,14,59,Yes,PIEN,151,1,2,-,-,,,46.5,18.33,197,0.169823115,,,,
1,15,1,Yes,ABBI,118,1,5,-,-,,,25,2.17,253,0.0490875,,,,
1,15,2,No,ABBI,,1,5,-,-,,,26.4,4.64,268,0.054739238,,,,
1,15,3,Yes,ABBI,26,1,5,-,-,,,22.6,5.29,269,0.04011509,,,,
1,15,4,No,ABBI,,1,5,-,-,,,18,4.71,245,0.02544696,,,,
1,15,5,Yes,ABBI,153,1,5,-,-,,,14.7,5.89,261,0.016971709,,,,
1,15,6,Yes,PIEN,180,1,1,-,-,,,64.8,5.24,244,0.329792602,,,,
1,15,7,No,ABBI,,1,5,-,-,,,14.1,4.43,240,0.015614537,,,,
1,15,8,Yes,PIEN,123,1,5,-,-,,,15.6,3.02,219,0.019113494,,,,
1,15,9,Yes,PIEN,199,1,1,-,-,,,77,4.04,211,0.46566366,,,,
1,15,10,Yes,PIEN,173,1,2,-,-,,,60.3,6.17,192,0.285578509,,,,
1,15,11,No,PIEN,,1,5,-,-,,,18,10.62,191,0.02544696,,,,
1,15,12,Yes,ABBI,121,1,5,-,-,,,7.9,11.7,206,0.004901681,,,,
1,15,13,Yes,ABBI,139,1,4,-,-,,,42,11.75,210,0.13854456,,,,
1,15,14,No,ABBI,,1,5,-,-,,,11.8,12.5,210,0.01093591,,,,
1,15,15,No,ABBI,,1,5,-,-,,,25.2,16.66,206,0.049876042,,,,
1,15,16,Yes,ABBI,87,1,5,-,-,,,13.8,18.15,210,0.014957158,,,,
1,15,17,No,ABBI,,1,5,-,-,,,5.3,17.92,210,0.002206189,,,,
1,15,18,Yes,PIEN,129,1,2,-,-,,,57.3,17.31,209,0.257869597,,,,
1,15,19,No,ABBI,,1,5,-,-,,,16.9,15.95,207,0.022431809,,,,
1,15,20,No,ABBI,,1,5,-,-,,,14.5,14.38,208,0.016513035,,,,
1,15,21,No,ABBI,,1,5,-,-,,,6.7,13.67,208,0.003525661,,,,
1,15,22,No,ABBI,,1,4,-,-,,,23.8,15.04,208,0.044488198,,,,
1,15,23,No,ABBI,,1,5,-,-,,,21.8,19.3,209,0.03732535,,,,
1,15,24,No,ABBI,,1,5,-,-,,,20.5,20.46,209,0.033006435,,,,
1,15,25,No,ABBI,,1,5,-,-,,,6.8,16.02,219,0.00363169,,,,
1,15,26,Yes,ABBI,122,1,5,-,-,,,5.7,17.59,219,0.002551765,,,,
1,15,27,No,ABBI,,1,5,-,-,,,23.5,15.28,219,0.043373715,,,,
1,15,28,No,PIEN,,1,3,-,-,,,27,8.22,219,0.05725566,,,,
1,15,29,No,ABBI,,1,5,-,-,,,30.4,9,219,0.072583526,,,,
1,15,30,No,ABBI,,1,5,-,-,,,7.7,11.31,220,0.004656637,,,,
1,15,31,Yes,ABBI,143,1,3,-,-,,,41.3,11.56,221,0.133964893,,,,Crushed by snowpack
1,15,32,No,ABBI,,1,4,-,-,,,19,11.69,222,0.02835294,,,,
1,15,33,No,ABBI,,1,4,-,-,,,25.5,13.83,220,0.051070635,,,,
1,15,35,No,ABBI,,1,5,-,-,,,19,8.21,239,0.02835294,,,,
1,15,39,No,ABBI,,1,5,,,,,17.5,8.67,250,0.024052875,,,,
1,16,1,Yes,PIEN,43,1,5,-,-,,,11,7.37,180,0.00950334,,,,
1,16,2,No,PIEN,,1,5,-,-,,,6.8,8.1,181,0.00363169,,,,
1,16,7,Yes,ABBI,106,1,5,-,-,,,19.8,11.08,204,0.030790822,,,,
1,16,8,Yes,ABBI,87,1,5,-,-,,,8.9,12.92,203,0.006221153,,,,
1,16,9,No,ABBI,,1,5,-,-,,,17.5,12.88,205,0.024052875,,,,
1,16,10,Yes,PIEN,183,1,2,-,-,,,67,20.68,204,0.35256606,,,,
1,16,11,Yes,ABBI,79,1,5,-,-,,,17.3,15.02,210,0.023506237,,,,
1,16,12,No,ABBI,,1,5,-,-,,,19.9,16.44,205,0.031102625,,,,
1,16,13,no,ABBI,,1,5,-,-,,,21.5,17.71,205,0.036305115,,,,
1,16,14,No,ABBI,,1,5,-,-,,,35.5,10.98,212,0.098980035,,,,
1,16,15,Yes,ABBI,133,1,5,-,-,,,11.9,11.73,209,0.011122049,,,,
1,16,16,Yes,PIEN,75,1,5,-,-,,,7.2,14.92,211,0.004071514,,,,
1,16,17,No,ABBI,,1,5,-,-,,,14.9,16.95,205,0.017436665,,,,
1,16,18,No,ABBI,,1,5,-,-,,,11.6,18.64,205,0.010568342,,,,
1,16,19,Yes,PIEN,248,1,1,-,-,,,58.6,15.95,210,0.269703218,,,,
1,16,20,Yes,ABBI,157,1,5,-,-,,,7.8,16.36,205,0.004778374,,,,
1,16,21,No,ABBI,,1,5,-,-,,,7.5,16.78,205,0.004417875,,,,
1,16,22,Yes,PIEN,133,1,5,-,-,,,9,17.24,204,0.00636174,,,,
1,16,23,No,ABBI,,1,5,-,-,,,13.1,18.35,204,0.013478249,,,,
1,16,24,No,PIEN,,1,5,-,-,,,14.6,17.99,206,0.016741586,,,,
1,16,25,Yes,ABBI,134,1,5,-,-,,,20.5,17.61,207,0.033006435,,,,
1,16,26,No,ABBI,,1,5,-,-,,,7.1,17.12,204,0.003959201,,,,
1,16,27,no,ABBI,,1,5,-,-,,,5.7,18.07,204,0.002551765,,,,
1,16,28,No,ABBI,,1,5,-,-,,,8.8,17.21,204,0.006082138,,,,
1,16,29,no,ABBI,,1,5,-,-,,,10.8,16.81,210,0.009160906,,,,
1,16,30,no,ABBI,,1,5,-,-,,,5.2,17.21,210,0.002123722,,,,
1,16,31,Yes,ABBI,134,1,2,-,-,,,35.5,15.94,210,0.098980035,,,,
1,16,32,No,PIEN,61,1,5,-,-,,,10.5,14.26,212,0.008659035,,,,
1,16,33,no,ABBI,,1,5,-,-,,,17.7,13.02,212,0.024605797,,,,
1,16,34,Yes,ABBI,127,1,5,-,-,,,16.9,12.47,209,0.022431809,,,,
1,16,35,No,ABBI,,1,5,-,-,,,12.1,12.87,210,0.011499041,,,,
1,16,36,Yes,ABBI,158,1,2,-,-,,,51,12.01,215,0.20428254,,,,
1,16,37,No,ABBI,,1,5,-,-,,,8.7,12.65,216,0.005944693,,,,
1,16,38,Yes,ABBI,242,1,5,-,-,,,13.8,10.7,229,0.014957158,,,,
1,16,39,No,ABBI,,1,5,-,-,,,10.6,11.54,231,0.008824754,,,,
1,16,40,Yes,ABBI,163,1,4,-,-,,,23.6,10.18,234,0.043743638,,,,
1,16,41,No,ABBI,,1,4,-,-,,,27.2,9.72,235,0.058107034,,,,
1,16,42,No,ABBI,,1,5,-,-,,,13,10.55,233,0.01327326,,,,
1,16,43,No,ABBI,,1,5,-,-,,,8,10.63,234,0.00502656,,,,
1,16,44,No,ABBI,,1,4,-,-,,,20,10.82,235,0.031416,,,,
1,16,45,yes,ABBI,100,1,5,-,-,,,20.8,8.62,236,0.033979546,,,,
1,16,46,No,ABBI,,1,5,-,-,,,13.2,9.83,250,0.01368481,,,,
1,16,47,Yes,PIEN,116,1,2,-,-,,,54,8.06,259,0.22902264,,,,
1,16,48,Yes,PIEN,162,1,2,-,-,,,61.5,7.81,269,0.297057915,,,,
1,16,49,No,ABBI,,1,5,-,-,,,24.4,9.08,267,0.046759574,,,,
1,16,50,no,ABBI,,1,5,-,-,,,9,9.39,267,0.00636174,,,,
1,16,51,Yes,ABBI,72,1,5,-,-,,,6,7.32,268,0.00282744,,,,
1,17,1,Yes,ABBI,89,1,3,-,-,,,42.2,5.75,204,0.139867174,,,,
1,17,2,No,ABBI,,1,5,-,-,,,21.4,10.16,204,0.035968178,,,,
1,17,3,Yes,ABBI,72,1,5,-,-,,,6.6,10.61,205,0.003421202,,,,
1,17,4,No,ABBI,,1,5,-,-,,,5.7,11.22,213,0.002551765,,,,
1,17,5,Yes,ABBI,,1,4,-,-,,,14.3,11.34,213,0.016060645,,,,
1,17,6,No,ABBI,,1,4,-,-,,,19.3,12.53,216,0.029255365,,,,
1,17,7,Yes,PIEN,103,1,4,-,-,,,31,8.74,218,0.07547694,,,,
1,17,10,Yes,ABBI,93,1,5,-,-,,,19.8,8.12,219,0.030790822,,,,
1,17,11,No,ABBI,,1,5,-,-,,,22,12.71,219,0.03801336,,,,
1,17,12,No,PIEN,,1,3,-,-,,,41.4,13.36,222,0.134614418,,,,
1,17,14,Yes,ABBI,148,1,4,-,-,,,28.2,5.13,238,0.06245815,,,,
1,17,15,Yes,PIEN,207,1,1,-,-,,,82.5,10.76,238,0.534562875,,,,
1,17,16,No,ABBI,,1,4,-,-,,,19.2,8.59,245,0.028952986,,,,
1,17,17,no,ABBI,,1,5,-,-,,,13.5,9.59,246,0.014313915,,,,
1,17,18,Yes,PIEN,,1,5,-,-,,,10,10.11,257,0.007854,,,,
1,17,19,Yes,ABBI,121,1,3,-,-,,,28.4,10.04,258,0.063347222,,,,
1,17,20,Yes,ABBI,35,1,5,-,-,,,5.8,5.59,262,0.002642086,,,,
1,18,2,Yes,ABBI,245,1,3,-,-,,,38.6,4.24,182,0.117021458,,,,
1,18,4,yes,ABBI,90,1,5,-,-,,,8.7,6.02,239,0.005944693,,,,
1,18,5,Yes,ABBI,77,1,4,-,-,,,20,6.42,234,0.031416,,,,
1,18,6,Yes,ABBI,73,1,5,-,-,,,10.4,6.85,239,0.008494886,,,,Two small stems
1,18,7,Yes,ABBI,136,1,2,-,-,,,61.6,6.33,245,0.298024742,,,,
1,19,1,Yes,ABBI,72,1,5,-,-,,,15.6,1.58,261,0.019113494,,,,
1,19,3,Yes,ABBI,69,1,5,-,-,,,14.7,4.67,207,0.016971709,,,,
1,19,6,Yes,ABBI,149,1,4,-,-,,,23.9,13.02,216,0.044862833,,,,
1,19,8,Yes,ABBI,117,1,5,-,-,,,16.2,10.1,230,0.020612038,,,,
1,20,1,Yes,ABBI,,1,3,-,,,,31.3,4.71,199,0.076944853,,,,
1,20,2,Yes,ABBI,133,1,3,-,-,,,33.8,7.21,188,0.089727238,,,,
1,20,3,Yes,PIEN,118,1,4,-,-,,,25.6,9.11,199,0.051471974,,,,
1,20,4,Yes,ABBI,85,1,5,-,-,,,7.7,9.97,199,0.004656637,,,,
1,20,5,Yes,ABBI,85,1,5,-,-,,,16.7,6.68,202,0.021904021,,,,
1,20,6,Yes,PIEN,116,1,5,-,-,,,15.8,9.59,202,0.019606726,,,,
1,20,7,Yes,ABBI,118,1,4,-,-,,,27,10,199,0.05725566,,,,
1,20,9,Yes,PIEN,172,1,2,-,-,,,60.1,7.22,264,0.283687265,,,,
1,21,1,Yes,ABBI,115,1,5,-,-,,,11.1,1.43,261,0.009676913,,,,
1,21,2,Yes,PIEN,180,1,2,-,-,,,58,1.94,240,0.26420856,,,,
1,21,3,Yes,PIEN,183,1,2,-,-,,,67,2.54,221,0.35256606,,,,
1,21,4,Yes,ABBI,,1,5,-,-,,,19.2,2.24,253,0.028952986,,,,
1,21,5,Yes,ABBI,67,1,5,-,-,,,8.1,3.4,232,0.005153009,,,,
1,21,6,Yes,ABBI,102,1,5,-,-,,,9.9,3.51,235,0.007697705,,,,
1,21,7,Yes,ABBI,117,1,5,-,-,,,21.4,4.6,232,0.035968178,,,,
1,21,8,Yes,ABBI,87,1,5,-,-,,,21.7,4.89,222,0.036983701,,,,
1,21,9,Yes,PIEN,123,1,2,-,-,,,63.5,10.91,222,0.316692915,,,,
1,21,10,Yes,ABBI,124,1,5,-,-,,,8.8,8.54,259,0.006082138,,,,
1,21,11,Yes,ABBI,112,1,5,-,-,,,17.5,7.93,260,0.024052875,,,,
1,21,12,yes,PIEN,121,1,5,-,-,,,18.6,9,270,0.027171698,,,,
2,1,1,Yes,ABBI,138,1,5,-,-,,,17.2,10.21,65,0.023235274,,,,
2,1,2,Yes,ABBI,92,1,5,-,-,,,7.3,9.42,91,0.004185397,,,,
2,1,3,Yes,ABBI,122,1,5,-,-,,,11.8,10.64,94,0.01093591,,,,
2,1,4,No,ABBI,,1,5,-,-,,,8.8,11.29,100,0.006082138,,,,
2,1,5,No,ABBI,,1,5,-,-,,,7.5,9.03,99,0.004417875,,,,
2,1,6,Yes,ABBI,131,1,5,-,-,,,12.3,8.91,101,0.011882317,,,,
2,1,7,No,ABBI,,1,5,-,-,,,6.5,10.96,105,0.003318315,,,,
2,1,8,Yes,ABBI,106,1,5,-,-,,,9.4,10.87,111,0.006939794,,,,
2,1,9,No,ABBI,,1,5,-,-,,,9.4,11.74,111,0.006939794,,,,
2,2,1,No,PIEN,152,1,4,-,-,,,41,5.2,120,0.13202574,,,,
2,2,2,No,ABBI,96,1,5,-,-,,,11,9.79,69,0.00950334,,,,
2,3,1,Yes,PIEN,,1,4,-,-,,,32.4,3.46,140,0.08244815,,,,
2,3,2,Yes,PIEN,125,1,4,-,-,,,29.5,7.56,121,0.068349435,,,,
2,4,1,Yes,ABBI,,1,5,-,-,,,5.5,15.55,76,0.002375835,,,,
2,4,2,No,PIEN,116,1,4,-,-,,,44.8,19.19,68,0.157632922,,,,
2,5,1,No,ABBI,,1,5,-,-,,,6.4,1.3,105,0.003216998,,,,
2,5,2,No,ABBI,61,1,5,-,-,,,6.8,1.55,115,0.00363169,,,,
2,5,3,No,ABBI,47,1,5,-,-,,,11.3,2.44,117,0.010028773,,,,
2,6,1,Yes,ABBI,93,1,5,-,-,,,8.9,8.81,146,0.006221153,,,,
2,6,2,Yes,ABBI,102,1,5,-,-,,,14.9,10.83,119,0.017436665,,,,
2,6,3,Yes,ABBI,115,1,5,-,-,,,25.5,10.79,111,0.051070635,,,,
2,6,4,Yes,ABBI,58,1,5,-,-,,,12.5,9.43,91,0.012271875,,,,
2,6,5,Yes,ABBI,,1,5,-,-,,,16,9.51,83,0.02010624,,,,
2,6,6,Yes,ABBI,96,1,5,-,-,,,10.8,10.86,81,0.009160906,,,,
2,7,1,Yes,ABBI,128,1,5,-,-,,,13.5,5.62,50,0.014313915,,,,
2,7,2,Yes,ABBI,131,1,5,-,-,,,17.5,5.05,55,0.024052875,,,,
2,7,3,Yes,ABBI,101,1,5,-,-,,,14,6.95,65,0.01539384,,,,
2,7,4,Yes,ABBI,155,1,5,-,-,,,25,7.76,61,0.0490875,,,,
2,7,5,Yes,ABBI,,1,5,-,-,,,9.1,7.19,66,0.006503897,,,,
2,7,6,No,ABBI,,1,5,-,-,,,17.9,7.94,66,0.025165001,,,,
2,7,7,Yes,ABBI,120,1,5,-,-,,,18.4,8.32,61,0.026590502,,,,
2,7,8,Yes,ABBI,60,1,5,-,-,,,6.7,9.46,55,0.003525661,,,,
2,7,9,Yes,ABBI,69,1,5,-,-,,,14.4,12.19,63,0.016286054,,,,
2,7,10,Yes,ABBI,141,1,5,-,-,,,18.8,11.54,66,0.027759178,,,,
2,7,11,Yes,ABBI,121,1,5,-,-,,,20.7,9.94,68,0.033653605,,,,
2,7,12,No,ABBI,,1,5,-,-,,,19.5,10.15,69,0.029864835,,,,
2,7,13,No,ABBI,,1,5,-,-,,,10.9,4.66,91,0.009331337,,,,
2,7,14,no,ABBI,,1,5,-,-,,,9.8,5.03,99,0.007542982,,,,
2,8,1,Yes,ABBI,63,1,5,-,-,,,11.3,8.88,53,0.010028773,,,,
2,8,2,Yes,ABBI,,1,5,-,-,,,12.2,15.56,51,0.011689894,,,,
2,8,3,Yes,ABBI,161,1,5,-,-,,,12.1,16.12,51,0.011499041,,,,
2,9,1,Yes,PIEN,167,1,3,-,-,,,32.2,16.98,51,0.081433414,,,,
2,10,1,Yes,ABBI,80,1,5,-,-,,,22.3,14.42,61,0.039057157,,,,
2,10,2,Yes,ABBI,120,1,5,-,-,,,26.7,12.59,79,0.055990381,,,,
2,10,4,Yes,ABBI,111,1,5,-,-,,,10,9.37,70,0.007854,,,,
2,10,6,Yes,ABBI,88,1,5,-,-,,,5.6,9.56,82,0.002463014,,,,
2,10,7,Yes,ABBI,101,1,5,-,-,,,14.4,8.94,81,0.016286054,,,,
2,10,8,Yes,PIEN,90,1,5,-,-,,,7.2,8.65,85,0.004071514,,,,
2,10,9,No,ABBI,,1,5,-,-,,,10.6,8.74,88,0.008824754,,,,
2,10,10,Yes,PIEN,329,1,2,-,-,,,58,9.91,85,0.26420856,,,,
2,10,11,No,ABBI,,1,5,-,-,,,12,9.16,94,0.01130976,,,,
2,10,12,Yes,ABBI,155,1,5,-,-,,,16.2,10.07,95,0.020612038,,,,
2,10,13,Yes,ABBI,138,1,3,-,-,,,19,9.91,97,0.02835294,,,,
2,10,14,No,ABBI,,1,5,-,-,,,11.5,9.86,97,0.010386915,,,,
2,10,15,No,ABBI,,1,5,-,-,,,16.1,11.13,90,0.020358353,,,,
2,10,16,Yes,ABBI,,1,2,-,-,,,29.3,12.39,90,0.067425805,,,,
2,10,17,No,ABBI,,1,5,-,-,,,11.1,11.13,92,0.009676913,,,,
2,10,18,Yes,ABBI,,1,5,-,-,,,18.4,11.03,106,0.026590502,,,,
2,11,1,No,ABBI,,1,5,-,-,,,22.1,6.1,50,0.038359721,,,,
2,11,2,Yes,ABBI,,1,5,-,-,,,11.4,5.42,61,0.010207058,,,,
2,11,3,Yes,ABBI,106,1,5,-,-,,,21.5,6.15,80,0.036305115,,,,
2,11,4,Yes,PIEN,114,1,5,-,-,,,22.5,10.31,95,0.039760875,,,,
2,11,6,Yes,ABBI,104,1,5,-,-,,,5.4,17.54,,0.002290226,,,,
2,11,7,Yes,ABBI,53,1,5,-,-,,,8.3,17.83,,0.005410621,,,,
2,12,1,Yes,PIEN,100,1,4,-,-,,,40.4,3.89,103,0.128189846,,,,
2,12,2,Yes,ABBI,126,1,5,-,-,,,19.5,6.58,136,0.029864835,,,,
2,12,3,Yes,ABBI,,1,5,-,-,,,6,7.51,124,0.00282744,,,,
2,12,4,No,ABBI,,1,5,-,-,,,13,8.13,130,0.01327326,,,,
2,12,5,Yes,ABBI,155,1,5,-,-,,,20.4,9.07,120,0.032685206,,,,
2,12,6,No,ABBI,,1,4,-,-,,,23.9,8.98,114,0.044862833,,,,
2,12,7,Yes,ABBI,152,1,4,-,-,,,30.3,13.44,92,0.072106789,,,,some live branches
2,12,8,Yes,ABBI,71,1,5,-,-,,,7.1,14.08,,0.003959201,,,,
2,12,9,Yes,ABBI,91,1,5,-,-,,,6.2,14.56,,0.003019078,,,,
2,13,1,Yes,PIEN,147,1,2,-,-,,,40.5,3.02,83,0.128825235,,,,crushed by #2
2,13,3,Yes,ABBI,144,1,5,-,-,,,15.2,6.16,80,0.018145882,,,,
2,13,4,Yes,ABBI,116,1,4,-,-,,,23.8,6.71,83,0.044488198,,,,
2,13,5,Yes,ABBI,87,1,5,-,-,,,5.5,7.3,75,0.002375835,,,,
2,14,1,Yes,ABBI,94,1,4,-,-,,,29.1,10.53,84,0.066508457,,,,
2,14,2,No,ABBI,,1,4,-,-,,,21.1,4.79,100,0.034966793,,,,
2,14,3,Yes,ABBI,,1,5,-,-,,,16,4.26,105,0.02010624,,,,
2,14,4,Yes,ABBI,161,1,4,-,-,,,31.4,5.38,104,0.077437298,,,,
2,14,5,Yes,ABBI,93,1,5,-,-,,,12.6,6.8,102,0.01246901,,,,
2,14,6,Yes,ABBI,62,1,5,-,-,,,14.7,9.55,100,0.016971709,,,,
2,14,7,No,ABBI,,1,5,-,-,,,15.9,9.69,94,0.019855697,,,,
2,14,9,Yes,ABBI,114,1,4,-,-,,,22.9,10.66,84,0.041187161,,,,
2,14,10,yes,ABBI,94,1,3,-,-,,,34.2,8.93,72,0.091863526,,,,
2,15,1,Yes,ABBI,117,1,5,-,-,,,21.6,2.97,148,0.036643622,,,,
2,15,2,Yes,ABBI,124,1,5,-,-,,,10.1,3.13,128,0.008011865,,,,
2,15,9,No,ABBI,,1,5,-,-,,,16,8.05,130,0.02010624,,,,
2,15,10,Yes,ABBI,,1,5,-,-,,,13.1,8.23,145,0.013478249,,,,
2,15,12,Yes,ABBI,97,1,5,-,-,,,12,7.22,120,0.01130976,,,,
2,15,13,Yes,ABBI,87,1,5,-,-,,,13.5,6.82,121,0.014313915,,,,
2,16,1,Yes,ABBI,89,1,5,-,-,,,16.4,3.78,72,0.021124118,,,,
2,16,2,Yes,ABBI,62,1,5,-,-,,,15.7,4.61,53,0.019359325,,,,
2,17,1,Yes,ABBI,,1,5,-,-,,,21.9,6.16,60,0.037668569,,,,"ODS, crooked KRUMHOLZ"
2,17,2,Yes,ABBI,127,1,5,-,-,,,31.3,12.07,59,0.076944853,,,,
2,17,4,Yes,ABBI,55,1,5,-,-,,,9.3,13.09,59,0.006792925,,,,
2,18,1,Yes,ABBI,123,1,5,-,-,,,40,19.16,80,0.125664,,,,
2,18,2,Yes,ABBI,78,1,5,-,-,,,18.6,19.17,79,0.027171698,,,,
2,19,1,Yes,ABBI,123,1,3,-,-,,,47.4,5.76,56,0.17646053,,,,
2,19,2,Yes,PIEN,42,1,5,-,-,,,5.2,5.33,52,0.002123722,,,,
2,20,2,Yes,ABBI,137,1,3,-,-,,,55.7,2.71,50,0.243669565,,,,
2,20,3,Yes,ABBI,119,1,4,-,-,,,43.8,5.62,50,0.150674278,,,,
2,20,4,Yes,ABBI,114,1,4,-,-,,,26.4,5.3,102,0.054739238,,,,
2,20,5,Yes,ABBI,124,1,4,-,-,,,47.4,4.45,114,0.17646053,,,,
2,21,1,Yes,ABBI,124,1,3,-,-,,,44.3,3.46,50,0.154133965,,,,
2,21,2,Yes,ABBI,99,1,5,-,-,,,14.2,10.97,80,0.015836806,,,,
2,21,3,Yes,ABBI,87,1,5,-,-,,,11.6,10.64,81,0.010568342,,,,
2,21,4,yes,PIEN,309,1,3,-,-,,,41.2,9.99,88,0.133316938,,,,
2,22,1,Yes,ABBI,94,1,4,-,-,,,38.7,8.21,50,0.117628573,,,,
2,22,2,Yes,ABBI,135,1,4,-,-,,,23.7,8.76,64,0.044115133,,,,
2,22,4,Yes,PIEN,158,1,3,-,-,,,38,7.9,85,0.11341176,,,,
2,22,5,Yes,PIEN,157,1,3,-,-,,,31.9,7.6,85,0.079923089,,,,
2,22,6,Yes,ABBI,,1,5,-,-,,,22.1,8.51,96,0.038359721,,,,
2,22,7,Yes,ABBI,110,1,5,-,-,,,9.4,8.34,96,0.006939794,,,,
2,23,1,Yes,ABBI,102,1,4,-,-,,,27.5,3.56,55,0.059395875,,,,Very Decayed
2,23,2,Yes,PIEN,185,1,2,-,-,,,68.2,2.87,129,0.36530839,,,,
2,23,3,Yes,PIEN,125,1,2,-,-,,,57,8.33,60,0.25517646,,,,
2,23,4,Yes,PIEN,158,1,3,-,-,,,41.7,8.25,109,0.136572421,,,,
2,23,5,No,PIEN,129,1,3,-,-,,,40,10.34,109,0.125664,,,,
2,23,6,No,ABBI,93,1,5,-,-,,,11.7,8.08,135,0.010751341,,,,
3,1,1,No,PIEN,,1,5,-,-,,,6,3.2,177,0.00282744,,,,
3,1,2,Yes,PIEN,39,1,5,-,-,,,5.9,3.23,181,0.002733977,,,,
3,1,3,Yes,PIEN,112,1,5,-,-,,,23.5,4.02,166,0.043373715,,,,
3,1,4,Yes,ABBI,,1,5,-,-,,,11.9,8.59,166,0.011122049,,,,
3,1,5,Yes,ABBI,104,1,5,-,-,,,12.1,10.33,168,0.011499041,,,,
3,1,6,Yes,ABBI,129,1,5,-,-,,,5.1,11.12,168,0.002042825,,,,plus 2 ABBI saplings
3,1,8,Yes,PIEN,79,1,5,-,-,,,12.5,11.19,206,0.012271875,,,,
3,1,9,Yes,PIEN,,1,5,-,-,,,18.1,11.76,196,0.025730489,,,,
3,1,10,No,PIEN,,1,5,-,-,,,20.9,14.08,189,0.034307057,,,,
3,1,11,No,ABBI,,1,5,-,-,,,14.4,14.51,169,0.016286054,,,,
3,1,12,Yes,PIEN,208,1,5,-,-,,,22.2,17.66,159,0.038707654,,,,
3,1,13,No,PIEN,,1,5,-,-,,,18,15.27,164,0.02544696,,,,
3,1,14,Yes,PIEN,157,1,5,-,-,,,25.3,15.84,165,0.050272669,,,,
3,1,15,No,PIEN,,1,5,-,-,,,9.1,15.33,165,0.006503897,,,,
3,1,16,Yes,PIEN,143,1,5,-,-,,,21.4,16.02,172,0.035968178,,,,
3,1,17,Yes,PIEN,141,1,5,-,-,,,10.5,15.77,167,0.008659035,,,,
3,1,18,No,PIEN,,1,5,-,-,,,20.4,15.1,165,0.032685206,,,,
3,1,19,Yes,PIEN,,1,5,-,-,,,12.8,14.66,169,0.012867994,,,,3 stems
3,2,1,Yes,PIEN,93,1,5,-,-,,,16,6.01,150,0.02010624,,,,
3,2,2,No,PIEN,,1,5,-,-,,,10.5,5.13,155,0.008659035,,,,
3,2,3,No,PIEN,,1,5,-,-,,,9.2,5.74,150,0.006647626,,,,
3,2,4,No,PIEN,,1,5,-,-,,,9,6.35,156,0.00636174,,,,3 stems
3,2,5,No,PIEN,,1,5,-,-,,,11.2,6.2,151,0.009852058,,,,
3,2,6,Yes,PIEN,76,1,5,-,-,,,6.3,5.15,166,0.003117253,,,,
3,2,7,No,PIEN,,1,5,-,-,,,7.5,5.55,169,0.004417875,,,,
3,2,8,No,PIEN,,1,5,-,-,,,8.1,6.02,165,0.005153009,,,,
3,2,9,Yes,ABBI,124,1,5,-,-,,,14.3,8.11,150,0.016060645,,,,
3,2,10,Yes,ABBI,,1,5,-,-,,,12,8.23,152,0.01130976,,,,
3,2,11,Yes,PIEN,77,1,5,-,-,,,6.7,7.65,152,0.003525661,,,,
3,2,12,No,PIEN,,1,5,-,-,,,9.1,8.01,155,0.006503897,,,,
3,2,13,No,PIEN,,1,5,-,-,,,12.2,8.74,166,0.011689894,,,,
3,2,14,Yes,PIEN,78,1,5,-,-,,,7.6,8.44,166,0.00453647,,,,
3,2,15,Yes,PIEN,107,1,5,-,-,,,14.4,10.22,164,0.016286054,,,,
3,2,16,No,PIEN,,1,5,-,-,,,14.6,12.92,162,0.016741586,,,,
3,2,17,No,PIEN,,1,5,-,-,,,17.4,10.7,155,0.02377877,,,,
3,2,18,Yes,PIEN,208,1,5,-,-,,,8.8,9.63,145,0.006082138,,,,
3,2,19,Yes,PIEN,96,1,5,-,-,,,19.4,11.84,145,0.029559314,,,,
3,2,20,No,PIEN,,1,5,-,-,,,19.5,13.3,145,0.029864835,,,,
3,2,23,No,PIEN,,1,5,-,-,,,7.3,9.32,223,0.004185397,,,,
3,2,24,No,PIEN,,1,5,-,-,,,5.3,15.05,169,0.002206189,,,,
3,2,25,Yes,PIEN,,1,5,-,-,,,23.3,18.17,164,0.042638581,,,,
3,2,26,No,PIEN,,1,5,-,-,,,27,19.02,164,0.05725566,,,,
3,2,27,No,ABBI,,1,5,-,-,,,17.5,21.4,164,0.024052875,,,,
3,2,28,No,ABBI,,1,5,-,-,,,16.8,21.87,165,0.02216713,,,,
3,2,29,No,ABBI,,1,5,-,-,,,12.5,22.33,165,0.012271875,,,,
3,2,30,Yes,ABBI,103,1,5,-,-,,,6,22.09,165,0.00282744,,,,
3,2,31,No,ABBI,,1,5,-,-,,,6.3,21.84,165,0.003117253,,,,
3,2,32,No,PIEN,,1,5,-,-,,,6.6,15.94,169,0.003421202,,,,
3,2,33,No,PIEN,,1,5,-,-,,,12.21,16.2,164,0.011709065,,,,
3,2,34,Yes,PIEN,135,1,5,-,-,,,20.8,16.61,165,0.033979546,,,,
3,2,35,No,PIEN,,1,5,-,-,,,14.3,17.06,167,0.016060645,,,,
3,2,36,Yes,PIEN,172,1,5,-,-,,,30.9,17.79,167,0.074990777,,,,
3,2,37,No,PIEN,,1,5,-,-,,,12.8,17.96,168,0.012867994,,,,
3,2,38,No,PIEN,,1,5,-,-,,,20.8,18.4,169,0.033979546,,,,
3,2,39,No,PIEN,,1,5,-,-,,,10.9,17.31,172,0.009331337,,,,
3,2,40,No,PIEN,,1,5,-,-,,,6.3,17.95,173,0.003117253,,,,
3,2,41,No,PIEN,,1,5,-,-,,,14.5,18.75,172,0.016513035,,,,
3,3,1,Yes,PIEN,75,1,5,-,-,,,10.5,1.45,155,0.008659035,,,,
3,3,2,No,PIEN,,1,5,-,-,,,7.5,1.38,123,0.004417875,,,,
3,3,3,Yes,PIEN,122,1,5,-,-,,,31,2.91,164,0.07547694,,,,
3,3,4,Yes,PIEN,131,1,5,-,-,,,24.5,3.65,164,0.047143635,,,,
3,3,5,No,PIEN,,1,5,-,-,,,22.1,3.66,166,0.038359721,,,,
3,3,6,No,PIEN,,1,5,-,-,,,21.9,3.69,169,0.037668569,,,,
3,3,7,No,PIEN,,1,5,-,-,,,11.3,4.05,170,0.010028773,,,,
3,3,8,No,PIEN,,1,5,-,-,,,16.5,4.74,170,0.021382515,,,,
3,3,9,No,PIEN,,1,5,-,-,,,19,5.4,171,0.02835294,,,,
3,3,10,No,PIEN,,1,5,-,-,,,16.3,5.55,170,0.020867293,,,,
3,3,11,No,PIEN,,1,5,-,-,,,5.1,6.05,170,0.002042825,,,,
3,3,12,Yes,PIEN,103,1,5,-,-,,,24.6,3.95,188,0.047529266,,,,
3,3,13,No,PIEN,,1,5,-,-,,,16,6.96,188,0.02010624,,,,NW Corner - End of Transect 1
3,3,14,No,PIEN,,1,5,-,-,,,6.2,7.55,188,0.003019078,,,,
3,3,15,No,PIEN,,1,5,-,-,,,8.4,7.8,188,0.005541782,,,,
3,3,17,Yes,PIEN,,1,5,-,-,,,8.6,6.95,146,0.005808818,,,,
3,3,18,No,PIEN,,1,5,-,-,,,22.3,7.2,151,0.039057157,,,,
3,3,19,No,PIEN,,1,5,-,-,,,12.9,6.62,151,0.013069841,,,,No Seed/Saps
3,3,20,No,PIEN,,1,5,-,-,,,15.7,11.09,144,0.019359325,,,,Gap of 20 m with no trees
3,3,21,No,PIEN,,1,5,-,-,,,15,11.36,145,0.0176715,,,,
3,3,26,No,ABBI,,1,5,-,-,,,9.5,11.28,160,0.007088235,,,,
3,3,27,No,ABBI,,1,5,-,-,,,9.8,11.08,164,0.007542982,,,,
3,3,30,Yes,ABBI,85,1,5,-,-,,,10.1,9.62,164,0.008011865,,,,
3,3,31,Yes,PIEN,130,1,5,-,-,,,23.5,9.42,167,0.043373715,,,,
3,3,32,No,PIEN,,1,5,-,-,,,13.9,8.3,172,0.015174713,,,,
3,3,33,No,PIEN,,1,5,-,-,,,7,6.82,174,0.00384846,,,,
3,3,34,Yes,ABBI,16,1,5,-,-,,,6.7,11.55,188,0.003525661,,,,
3,3,36,Yes,PIEN,,1,5,-,-,,,17.9,6.14,146,0.025165001,,,,4 large stems
3,4,1,Yes,PIEN,16,1,5,-,-,,,6.7,4.98,171,0.003525661,,,,
3,4,2,Yes,PIEN,53,1,5,-,-,,,9.5,5.39,169,0.007088235,,,,
3,4,3,No,PIEN,,1,5,-,-,,,11,5.42,170,0.00950334,,,,
3,4,4,Yes,PIEN,81,1,5,-,-,,,16.5,6.75,165,0.021382515,,,,
3,5,1,Yes,PIEN,212,1,5,-,-,,,17.5,3.03,200,0.024052875,,,,
3,5,2,Yes,PIEN,207,1,5,-,-,,,31.7,2.37,173,0.078924061,,,,
3,5,3,No,PIEN,,1,5,-,-,,,26.3,3.53,186,0.054325333,,,,
3,5,4,No,PIEN,,1,5,-,-,,,26.4,2.68,182,0.054739238,,,,
3,5,5,Yes,ABBI,75,1,5,-,-,,,5.6,2.87,181,0.002463014,,,,
3,5,7,Yes,PIEN,69,1,5,-,-,,,14.9,8.39,145,0.017436665,,,,
3,5,8,No,PIEN,,1,5,-,-,,,22.7,8.25,152,0.040470877,,,,
3,5,9,No,PIEN,,1,5,-,-,,,15,8.61,161,0.0176715,,,,
3,5,10,No,PIEN,,1,5,-,-,,,11.1,8.97,158,0.009676913,,,,
3,5,12,Yes,PIEN,127,1,4,-,-,,,28.3,7,170,0.062901901,,,,2 stems
3,5,13,No,PIEN,,1,5,-,-,,,14.9,5.95,174,0.017436665,,,,
3,5,14,No,PIEN,,1,5,-,-,,,11.7,8.68,174,0.010751341,,,,
3,5,15,Yes,PIEN,96,1,4,-,-,,,32.7,10.26,171,0.083982037,,,,
3,5,16,No,PIEN,,1,5,-,-,,,21.1,8.81,171,0.034966793,,,,cored at 1m
3,5,17,No,PIEN,,1,5,-,-,,,24,8,181,0.04523904,,,,
3,5,19,No,PIEN,,1,4,-,-,,,30,4.96,194,0.070686,,,,
3,5,20,Yes,PIEN,137,1,5,-,-,,,10.3,7.35,198,0.008332309,,,,
3,5,21,No,PIEN,,1,5,-,-,,,20.2,7.26,206,0.032047462,,,,
3,5,22,No,PIEN,,1,4,-,-,,,25.8,5.82,214,0.052279366,,,,
3,6,1,Yes,PIEN,124,1,4,-,-,,,26.2,0.85,206,0.053912998,,,,
3,6,2,Yes,PIEN,82,1,5,-,-,,,12.3,2.76,175,0.011882317,,,,"2 stems, split below BH"
3,6,3,No,PIEN,,1,5,-,-,,,24.9,3.68,175,0.048695585,,,,totally rotten
3,6,4,Yes,PIEN,,1,4,-,-,,,29.9,2.16,207,0.070215545,,,,
3,6,5,No,PIEN,,1,5,-,-,,,14.1,3.6,207,0.015614537,,,,
3,6,6,Yes,PIEN,104,1,4,-,-,,,22.1,12.8,171,0.038359721,,,,
3,7,1,No,PIEN,,1,5,-,-,,,12.6,7.51,146,0.01246901,,,,
3,7,2,Yes,PIEN,80,1,5,-,-,,,8.2,8.73,146,0.00528103,,,,
3,7,3,Yes,PIEN,80,1,5,-,-,,,14.6,8.34,149,0.016741586,,,,
3,7,4,No,PIEN,,1,5,-,-,,,13.9,7.66,149,0.015174713,,,,
3,7,5,Yes,PIEN,187,1,4,-,-,,,30.1,5.84,157,0.071158025,,,,
3,7,6,No,PIEN,,1,5,-,-,,,14.2,7.37,163,0.015836806,,,,
3,7,7,No,PIEN,,1,5,-,-,,,16.9,6.88,161,0.022431809,,,,
3,7,8,No,PIEN,,1,5,-,-,,,17.8,6.32,169,0.024884614,,,,
3,7,9,No,PIEN,,1,5,-,-,,,10.3,8.26,163,0.008332309,,,,
3,7,10,No,PIEN,,1,5,-,-,,,25,8.23,173,0.0490875,,,,
3,7,11,No,PIEN,,1,5,-,-,,,9.2,10.31,173,0.006647626,,,,
3,7,12,No,PIEN,,1,5,-,-,,,23.7,3.18,196,0.044115133,,,,
3,7,13,No,PIEN,,1,5,-,-,,,16.3,3.9,191,0.020867293,,,,
3,7,14,No,PIEN,,1,5,-,-,,,9.4,4.06,199,0.006939794,,,,
3,7,15,No,PIEN,,1,5,-,-,,,16.1,4.5,172,0.020358353,,,,
3,7,16,No,PIEN,,1,5,-,-,,,15,4.8,172,0.0176715,,,,
3,7,17,Yes,PIEN,82,1,5,-,-,,,12.3,2.98,220,0.011882317,,,,
3,7,18,Yes,PIEN,75,1,4,-,-,,,21.3,5.97,221,0.035632813,,,,
3,7,19,No,PIEN,,1,5,-,-,,,9.7,5.35,220,0.007389829,,,,
3,8,1,Yes,PIEN,74,1,5,-,-,,,20.1,1.4,202,0.031730945,,,,
3,8,2,Yes,PIEN,83,1,5,-,-,,,20.7,3.55,164,0.033653605,,,,
3,8,3,Yes,PIEN,89,1,5,-,-,,,20.7,3.98,157,0.033653605,,,,
3,8,4,Yes,PIEN,75,1,5,-,-,,,19.3,6.21,195,0.029255365,,,,
3,8,5,Yes,PIEN,108,1,5,-,-,,,19,5.84,197,0.02835294,,,,
3,9,1,Yes,PIEN,136,1,5,-,-,,,16.9,1.05,206,0.022431809,,,,
3,9,2,Yes,PIEN,81,1,5,-,-,,,14,1.15,187,0.01539384,,,,
3,9,3,Yes,PIEN,,1,4,-,-,,,54.8,4.53,171,0.235858762,,,,
3,9,4,No,PIEN,,1,5,-,-,,,17.5,4.95,170,0.024052875,,,,
3,9,5,No,PIEN,,1,5,-,-,,,12.7,5.68,162,0.012667717,,,,
3,9,6,No,PIEN,,1,5,-,-,,,20.5,5.95,162,0.033006435,,,,
3,9,7,No,PIEN,,1,5,-,-,,,18.3,6.04,160,0.026302261,,,,
3,9,8,Yes,PIEN,209,1,4,-,-,,,34.4,4.9,155,0.092941094,,,,
3,9,9,Yes,PIEN,80,1,5,-,-,,,9,7.72,196,0.00636174,,,,
3,9,10,Yes,PIEN,,1,4,-,-,,,25.7,8.43,194,0.051874885,,,,
3,9,11,No,PIEN,,1,5,-,-,,,18.8,9.07,184,0.027759178,,,,
3,9,12,No,PIEN,213,1,5,-,-,,,17.1,9.93,184,0.022965881,,,,
3,9,13,No,PIEN,,1,5,-,-,,,13.6,9.46,187,0.014526758,,,,
3,9,14,No,PIEN,,1,5,-,-,,,18.2,8.26,180,0.02601559,,,,
3,9,16,No,PIEN,,1,5,-,-,,,7.5,8.52,201,0.004417875,,,,
3,9,17,Yes,PIEN,83,1,5,-,-,,,13.6,8.52,202,0.014526758,,,,
3,9,18,No,PIEN,,1,4,-,-,,,21.8,9.1,202,0.03732535,,,,
3,9,19,No,PIEN,,1,5,-,-,,,5,9.76,195,0.0019635,,,,
3,9,20,No,PIEN,,1,5,-,-,,,6.2,10.11,195,0.003019078,,,,
4,1,1,Yes,PIEN,,1,5,-,-,,,9.2,6.81,286,0.006647626,,,,
4,1,2,Yes,PIEN,,1,5,-,-,,,12.1,6.79,279,0.011499041,,,,old looking
4,1,4,Yes,PIEN,,1,5,-,-,,,9.1,11.18,257,0.006503897,,,,
4,1,5,Yes,PIEN,,1,5,-,-,,,8,11.89,240,0.00502656,,,,
4,1,6,Yes,PIEN,,1,5,-,-,,,7.3,11.91,229,0.004185397,,,,
4,1,7,Yes,PIEN,,1,5,-,-,,,8.5,13.06,239,0.005674515,,,,
4,2,1,Yes,PIEN,,1,5,-,-,,,15.1,18.93,231,0.017907905,,,,
4,2,2,Yes,PIEN,,1,5,-,-,,,9,16.71,234,0.00636174,,,,
4,2,3,Yes,PIEN,,1,5,-,-,,,11,18.27,236,0.00950334,,,,
4,3,1,Yes,PIEN,,1,5,-,-,,,7.6,6.43,255,0.00453647,,,,
4,3,2,Yes,PIEN,,1,5,-,-,,,6,6.73,258,0.00282744,,,,
4,4,1,Yes,PIEN,,1,5,-,-,,,24.5,15.82,244,0.047143635,,,,
4,4,4,Yes,PIEN,,1,5,-,-,,,12.5,8.77,309,0.012271875,,,,Gap of 38 m with no trees before plot 8
4,4,5,Yes,PIEN,,1,5,-,-,,,9,9.37,308,0.00636174,,,,
4,4,6,Yes,PIEN,,1,5,-,-,,,7,9.28,320,0.00384846,,,,
4,5,1,Yes,PIEN,,1,5,-,-,,,6.8,1.97,257,0.00363169,,,,
4,5,2,Yes,PIEN,,1,5,-,-,,,9.6,6.37,258,0.007238246,,,,two stems
4,5,3,Yes,PIEN,,1,5,-,-,,,9.4,10.04,236,0.006939794,,,,
4,5,4,Yes,PIEN,,1,5,-,-,,,5.4,15.42,271,0.002290226,,,,
4,6,1,Yes,PIEN,,1,5,-,-,,,10.5,16.19,243,0.008659035,,,,
4,6,2,Yes,PIEN,,1,5,-,-,,,18,16.79,249,0.02544696,,,,
4,6,3,Yes,PIEN,,1,5,-,-,,,17.5,16.47,254,0.024052875,,,,
4,6,4,Yes,PIEN,,1,5,-,-,,,17.2,17.15,255,0.023235274,,,,
4,6,5,No,PIEN,,1,5,-,-,,,18,17.14,254,0.02544696,,,,
4,6,6,Yes,PIEN,,1,5,-,-,,,25.2,18.87,254,0.049876042,,,,
4,6,7,Yes,PIEN,,1,5,-,-,,,23.2,16.44,262,0.04227337,,,,
4,6,8,Yes,PIEN,,1,5,-,-,,,6,16.81,262,0.00282744,,,,
4,7,1,No,PIEN,,1,5,-,-,,,12.2,9.51,185,0.011689894,,,,
4,7,2,No,PIEN,,1,5,-,-,,,21,9.53,181,0.03463614,,,,
4,7,3,Yes,PIEN,,1,5,-,-,,,22.9,8.71,181,0.041187161,,,,
4,7,4,No,PIEN,,1,5,-,-,,,13.8,8.42,185,0.014957158,,,,
4,7,5,Yes,PIEN,,1,5,-,-,,,10.3,8.44,187,0.008332309,,,,
4,7,6,No,PIEN,,1,5,-,-,,,11.3,7.81,185,0.010028773,,,,
4,7,7,Yes,PIEN,,1,4,-,-,,,21,5.34,184,0.03463614,,,,
4,7,8,Yes,PIEN,,1,4,-,-,,,26,4.41,197,0.05309304,,,,
4,7,9,Yes,PIEN,,1,4,-,-,,,29.9,3.77,206,0.070215545,,,,
4,7,10,No,PIEN,,1,5,-,-,,,20,5.22,210,0.031416,,,,
4,7,11,Yes,PIEN,,1,5,-,-,,,12.8,6.66,211,0.012867994,,,,
4,7,12,No,PIEN,,1,5,-,-,,,23,3.97,214,0.04154766,,,,
4,7,13,No,PIEN,,1,5,-,-,,,12,5.18,224,0.01130976,,,,
4,7,14,Yes,PIEN,,1,5,-,-,,,8.2,1.85,267,0.00528103,,,,
4,8,1,Yes,PIEN,,1,5,-,-,,,21.1,1.35,280,0.034966793,,,,
4,8,2,Yes,PIEN,,1,5,-,-,,,30.5,2.5,190,0.073061835,,,,
4,8,3,No,PIEN,,1,5,-,-,,,21.5,4.15,190,0.036305115,,,,
4,8,4,No,PIEN,,1,5,-,-,,,20.5,4.7,190,0.033006435,,,,
4,8,5,No,PIEN,,1,5,-,-,,,16.8,5.2,190,0.02216713,,,,
4,8,6,No,PIEN,,1,5,-,-,,,15,6.1,190,0.0176715,,,,
4,8,7,No,PIEN,,1,5,-,-,,,8.5,6.5,190,0.005674515,,,,multi-stem
4,8,8,Yes,PIEN,,1,5,-,-,,,13.6,6.35,189,0.014526758,,,,
4,8,9,Yes,PIEN,,1,5,-,-,,,10.4,7.23,189,0.008494886,,,,old moldy stem
4,8,11,No,PIEN,,1,5,-,-,,,12.5,6.54,234,0.012271875,,,,
4,8,13,Yes,PIEN,,1,5,-,-,,,6.3,10.38,244,0.003117253,,,,
4,8,14,No,PIEN,,1,5,-,-,,,5.8,10.65,244,0.002642086,,,,
4,8,15,No,PIEN,,1,4,-,-,,,49.5,11.74,241,0.192442635,,,,
4,8,16,Yes,PIEN,,1,5,-,-,,,28.2,13.18,226,0.06245815,,,,
4,9,1,Yes,PIEN,,1,5,-,-,,,5.8,1.33,244,0.002642086,,,,
4,9,2,Yes,PIEN,,1,5,-,-,,,14.5,1.45,222,0.016513035,,,,
4,9,3,No,PIEN,,1,5,-,-,,,14.7,1.54,198,0.016971709,,,,
4,9,4,Yes,PIEN,,1,5,-,-,,,14.1,2.18,222,0.015614537,,,,
4,9,5,No,PIEN,,1,5,-,-,,,14.6,1.69,224,0.016741586,,,,
4,9,6,No,PIEN,,1,5,-,-,,,21.2,3.25,203,0.035299018,,,,
4,9,7,Yes,PIEN,,1,5,-,-,,,14.9,6.64,205,0.017436665,,,,
4,9,8,Yes,ABBI,,1,5,-,-,,,7.5,7.94,204,0.004417875,,,,
4,10,1,No,PIEN,,1,5,-,-,,,21.1,8.34,192,0.034966793,,,,
4,11,1,Yes,PIEN,,1,5,-,-,,,20.5,5.94,217,0.033006435,,,,
4,11,2,Yes,PIEN,,1,5,-,-,,,23.2,5.6,206,0.04227337,,,,
4,11,3,Yes,PIEN,,1,5,-,-,,,11.3,9.83,192,0.010028773,,,,
4,11,4,Yes,PIEN,,1,5,-,-,,,18.8,9.13,205,0.027759178,,,,
4,11,5,No,PIEN,,1,5,-,-,,,15.1,11.41,221,0.017907905,,,,
4,11,6,Yes,PIEN,,1,5,-,-,,,33.5,12.22,227,0.088141515,,,,
5,1,1,,PIEN,,1,-,-,-,7,0.4,SEED,,,,,,,
5,1,2,,ABBI,,1,5,-,-,15.5,1.1,11.1,,,0.009676913,,,,
5,1,4,,PIEN,,1,-,-,-,12.8,2.3,SEED,,,,,,,
5,1,5,,PIEN,,1,-,-,-,12.8,2.9,SEED,,,,,,,
5,1,6,,ABBI,,1,5,-,-,12,1.1,5.1,,,0.002042825,,,,
5,1,7,,ABBI,,1,-,-,-,16.3,1,SAP,,,,,,,
5,1,8,,ABBI,,1,5,-,-,17.4,0.2,28.2,,,0.06245815,,,,
5,1,9,,ABBI,,1,-,-,-,17.4,2.1,SAP,,,,,,,
5,1,10,,ABBI,,1,-,-,-,17,3,SAP,,,,,,,
5,1,11,,PIEN,,1,-,-,-,16.9,9,SAP,,,,,,,
5,1,12,,ABBI,,1,-,-,-,14.9,8.1,SAP,,,,,,,
5,1,13,,ABBI,,1,5,-,-,14.4,9,9.2,,,0.006647626,,,,
5,1,14,,ABBI,,1,-,-,-,14.5,9.5,6.7,,,0.003525661,,,,
5,1,15,,ABBI,,1,-,-,-,13.3,8.5,5.6,,,0.002463014,,,,
5,1,16,,ABBI,,1,-,-,-,14.4,9,6.5,,,0.003318315,,,,
5,1,17,,ABBI,,1,5,-,-,12.6,8.3,13,,,0.01327326,,,,
5,1,18,,ABBI,,1,5,-,-,12.3,8.4,11.2,,,0.009852058,,,,
5,1,19,,ABBI,,1,5,-,-,12,8.8,7.9,,,0.004901681,,,,
5,1,20,,ABBI,,1,5,-,-,11.2,8.2,10.3,,,0.008332309,,,,
5,1,21,,ABBi,,1,5,-,-,11.5,8.1,10.5,,,0.008659035,,,,
5,1,22,,ABBI,,1,5,-,-,10.5,8.1,15.2,,,0.018145882,,,,
5,1,23,,ABBi,,1,5,-,-,10.5,2.7,10.5,,,0.008659035,,,,
5,1,24,,ABBI,,1,5,-,-,9.9,8,17,,,0.02269806,,,,
5,1,26,,ABBI,,1,5,2,1,11.2,9,7.1,,,0.003959201,,,,
5,1,28,,ABBi,,1,5,-,-,11,9.1,7.8,,,0.004778374,,,,
5,2,1,,ABBi,,1,5,-,-,5.2,5.4,13.1,,,0.013478249,,,,
5,2,2,,ABBI,,1,5,-,-,4.6,6.2,5.7,,,0.002551765,,,,
5,2,3,,ABBI,,1,5,-,-,5.3,6.8,7.3,,,0.004185397,,,,
5,2,4,,ABBI,,1,5,-,-,5.8,6,8.9,,,0.006221153,,,,
5,2,5,,ABBI,,1,5,-,-,6.4,7.8,8.5,,,0.005674515,,,,
5,2,6,,ABBI,,1,5,-,-,6.2,9.2,9,,,0.00636174,,,,
5,2,7,,ABBI,,1,5,-,-,6.9,9,9.9,,,0.007697705,,,,big scar
5,2,8,,ABBI,,1,5,-,-,6.9,8.6,10.9,,,0.009331337,,,,
5,2,10,,ABBI,,1,5,-,-,7.1,7.6,10.5,,,0.008659035,,,,
5,2,11,,ABBi,,1,5,-,-,7.4,7.7,12,,,0.01130976,,,,
5,2,12,,ABBI,,1,5,-,-,7.6,7.3,12.3,,,0.011882317,,,,
5,2,13,,ABBI,,1,5,-,-,8.8,9.3,8.8,,,0.006082138,,,,
5,2,15,,ABBI,,1,5,-,-,8.9,8.5,9.2,,,0.006647626,,,,
5,2,16,,ABBI,,1,5,-,-,8.6,8.5,8,,,0.00502656,,,,
5,2,17,,ABBI,,1,5,-,-,8.9,7.7,6.8,,,0.00363169,,,,
5,2,18,,ABBI,,1,5,-,-,7.9,5.8,11.2,,,0.009852058,,,,
5,2,19,,ABBI,,1,5,-,-,8.2,5.4,5.8,,,0.002642086,,,,
5,2,20,,ABBI,,1,5,-,-,7.8,4.3,7.5,,,0.004417875,,,,
5,2,21,,ABBI,,1,5,-,-,9.9,4.7,6.9,,,0.003739289,,,,
5,2,22,,ABBI,,1,5,-,-,10,3.8,6.2,,,0.003019078,,,,
5,2,24,,ABBI,,1,5,-,-,11.3,9.3,7.4,,,0.00430085,,,,
5,2,25,,ABBI,,1,5,-,-,11.3,8.7,5.6,,,0.002463014,,,,dying
5,2,26,,ABBI,,1,5,-,-,11.3,8.3,6.2,,,0.003019078,,,,
5,2,27,,ABBI,,1,5,-,-,13.6,8.6,8.4,,,0.005541782,,,,
5,2,28,,ABBI,,1,5,-,-,13.1,9.3,6.1,,,0.002922473,,,,
5,2,30,,ABBI,,1,5,-,-,16.3,8.7,6.6,,,0.003421202,,,,
5,2,31,,ABBI,,1,5,-,-,16.5,8.1,7.3,,,0.004185397,,,,
5,2,32,,ABBI,,1,5,-,-,16.9,7.6,7.2,,,0.004071514,,,,
5,2,33,,ABBI,,1,5,-,-,16.7,7,6.9,,,0.003739289,,,,
5,2,34,,ABBI,,1,5,-,-,17.8,7.1,15.6,,,0.019113494,,,,
5,2,35,,ABBI,,1,5,-,-,18,6.3,7.7,,,0.004656637,,,,
5,2,36,,ABBI,,1,5,-,-,17.7,5.8,8.7,,,0.005944693,,,,
5,2,37,,ABBI,,1,5,-,-,19.8,9.5,6.9,,,0.003739289,,,,
5,2,38,,ABBI,,1,5,-,-,18.9,9,7.3,,,0.004185397,,,,
5,2,39,,ABBI,,1,5,-,-,19.4,8.8,8.4,,,0.005541782,,,,
5,2,40,,ABBI,,1,5,-,-,19.1,6.7,8.6,,,0.005808818,,,,
5,2,41,,ABBI,,1,5,-,-,17.4,0.7,8.5,,,0.005674515,,,,
5,2,42,,ABBI,,1,5,-,-,16.6,0.8,8.5,,,0.005674515,,,,
5,2,43,,ABBI,,1,5,-,-,16.3,1.7,7.6,,,0.00453647,,,,
5,2,44,,ABBI,,1,5,-,-,16.6,2.6,6.3,,,0.003117253,,,,
5,2,45,,ABBI,,1,5,-,-,15.3,4.4,6.6,,,0.003421202,,,,
5,2,46,,ABBI,,1,5,-,-,14.9,1,6.7,,,0.003525661,,,,
5,2,47,,ABBI,,1,5,-,-,13.7,2,8.5,,,0.005674515,,,,
5,2,48,,ABBI,,1,5,-,-,13.7,3.6,7.3,,,0.004185397,,,,
5,2,49,,ABBI,,1,5,-,-,12,2.3,6.1,,,0.002922473,,,,
5,2,50,,ABBI,,1,5,-,-,11.3,2.2,6.8,,,0.00363169,,,,
5,2,51,,ABBI,,1,5,-,-,11,1.6,7.3,,,0.004185397,,,,
5,2,52,,ABBI,,1,5,-,-,11.2,2.2,5.9,,,0.002733977,,,,
5,2,53,,ABBI,,1,5,-,-,10,0.2,9.1,,,0.006503897,,,,
5,2,54,,ABBI,,1,5,-,-,9.9,0.8,6,,,0.00282744,,,,
5,2,55,,ABBI,,1,5,-,-,8.5,2.1,8.5,,,0.005674515,,,,
5,2,56,,ABBI,,1,5,-,-,6.6,3.3,7.2,,,0.004071514,,,,
5,2,57,,ABBI,,1,5,-,-,7.1,3.3,9.1,,,0.006503897,,,,
5,2,58,,ABBI,,1,5,-,-,7,3.8,9,,,0.00636174,,,,
5,3,1,,ABBI,,1,5,-,-,7.2,1.1,6.1,,,0.002922473,,,,took 2 cores
5,3,2,,ABBI,,1,5,-,-,8.3,1,9.8,,,0.007542982,,,,
5,3,3,,ABBI,,1,5,-,-,9.1,0.7,11.8,,,0.01093591,,,,
5,3,4,,ABBI,,1,5,-,-,9.6,0.6,7.3,,,0.004185397,,,,
5,3,5,,ABBI,,1,5,-,-,10,1,7.5,,,0.004417875,,,,
5,3,6,,PIEN,,1,5,-,-,4.9,8.5,9.7,,,0.007389829,,,,
5,3,7,,PIEN,,1,5,-,-,5.2,8.5,9.7,,,0.007389829,,,,
5,3,8,,PIEN,,1,5,-,-,6.1,8.2,7.4,,,0.00430085,,,,
5,3,9,,PIEN,,1,5,-,-,11.1,5.1,10.2,,,0.008171302,,,,two stems
5,3,10,,PIEN,,1,5,-,-,15.3,8.5,10.2,,,0.008171302,,,,
5,3,11,,PIEN,,1,5,-,-,16.3,9.5,12.3,,,0.011882317,,,,
5,3,12,,PIEN,,1,5,-,-,15.8,8,8.9,,,0.006221153,,,,
5,3,13,,PIEN,,1,5,-,-,19.4,9.7,8.2,,,0.00528103,,,,5-6 tall stems
5,3,14,,PIEN,,1,5,-,-,17.9,10,9.3,,,0.006792925,,,,
5,3,15,,ABBI,,1,5,-,-,19.5,0.3,6.5,,,0.003318315,,,,
5,3,16,,PIEN,,1,5,-,-,18,4.5,6.1,,,0.002922473,,,,
5,3,17,,PIEN,,1,5,-,-,15.6,6.1,5.8,,,0.002642086,,,,
5,3,18,,PIEN,,1,5,-,-,15.2,2.3,8.4,,,0.005541782,,,,2 big stems
5,3,19,,PIEN,,1,5,-,-,14.1,3.1,12.1,,,0.011499041,,,,
5,3,20,,PIEN,,1,5,-,-,12.6,2.7,6,,,0.00282744,,,,
5,4,1,,ABBI ,,1,5,-,-,9.5,1.5,10.1,,,0.008011865,,,,
5,4,2,,ABBI,,1,5,-,-,10.4,0.7,9,,,0.00636174,,,,
5,4,3,,ABBI,,1,5,-,-,11.7,1.3,6.2,,,0.003019078,,,,
5,4,4,,ABBI,,1,5,-,-,10.6,1.4,7,,,0.00384846,,,,3 tall stems
5,4,5,,ABBI,,1,5,-,-,11.8,2.6,7,,,0.00384846,,,,4 stems
5,4,6,,ABBI,,1,5,-,-,13,1.5,5.8,,,0.002642086,,,,
5,4,7,,PIEN,,1,5,-,-,14.3,2.6,15,,,0.0176715,,,,
5,4,8,,PIEN,,1,5,-,-,16.1,0.6,12.5,,,0.012271875,,,,
5,4,9,,PIEN,,1,5,-,-,16.2,1.4,6.4,,,0.003216998,,,,
5,4,10,,PIEN,,1,5,-,-,18,1,10,,,0.007854,,,,
5,4,11,,PIEN,,1,5,-,-,19.3,4.8,6,,,0.00282744,,,,
5,4,12,,PIEN,,1,5,-,-,18,8.2,22.5,,,0.039760875,,,,
5,4,13,,PIEN,,1,5,-,-,12.6,9.9,10,,,0.007854,,,,
5,5,1,,PIEN,,1,5,-,-,2.6,4,5.9,,,0.002733977,,,,
5,5,2,,PIEN,,1,5,-,-,3.8,4.5,7.3,,,0.004185397,,,,
5,5,3,,PIEN,,1,5,-,-,5.2,5.6,6.5,,,0.003318315,,,,
5,5,4,,PIEN,,1,4,-,-,7.2,3.5,20.7,,,0.033653605,,,,
5,5,5,,ABBI,,1,5,-,-,12.5,2.9,10.9,,,0.009331337,,,,
5,5,6,,PIEN,,1,5,-,-,10.8,5.4,5.6,,,0.002463014,,,,
5,5,7,,PIEN,,1,5,-,-,12.7,7.1,12.3,,,0.011882317,,,,
5,5,8,,PIEN,,1,5,-,-,16.2,4.4,10.8,,,0.009160906,,,,
5,5,9,,PIEN,,1,5,-,-,15.9,1.2,20.1,,,0.031730945,,,,
5,5,10,,PIEN,,1,5,-,-,15.6,8.9,8.4,,,0.005541782,,,,
5,5,11,,PIEN,,1,5,-,-,12.5,8.5,25.4,,,0.050670866,,,,
5,5,12,,PIEN,,1,5,-,-,7,8.7,5.9,,,0.002733977,,,,
5,6,1,,PIEN,,1,5,-,-,3.7,1,6.3,,,0.003117253,,,,
5,6,2,,PIEN,,1,5,-,-,11.8,2.1,6.7,,,0.003525661,,,,3 stems
5,6,4,,PIEN,,1,5,-,-,14.7,6.5,11.5,,,0.010386915,,,,
5,6,5,,PIEN,,1,4,-,-,14,8.2,30.2,,,0.071631622,,,,
5,6,6,,PIEN,,1,5,-,-,15,7.6,15.8,,,0.019606726,,,,
5,6,7,,PIEN,,1,5,-,-,13.3,5.6,16.4,,,0.021124118,,,,
5,6,8,,PIEN,,1,5,-,-,12.9,6.5,12.8,,,0.012867994,,,,
5,6,9,,PIEN,,1,5,-,-,11.9,5.6,17.7,,,0.024605797,,,,
5,6,10,,PIEN,,1,5,-,-,10.5,5,19,,,0.02835294,,,,
5,6,12,,PIEN,,1,5,-,-,12.5,7.6,9.9,,,0.007697705,,,,
5,6,13,,PIEN,,1,5,-,-,14.8,8.2,15.8,,,0.019606726,,,,
5,6,14,,PIEN,,1,5,-,-,15.1,8.9,13,,,0.01327326,,,,
5,6,15,,PIEN,,1,5,-,-,16,8.6,8.3,,,0.005410621,,,,
5,6,16,,PIEN,,1,5,-,-,17.2,8.1,6.4,,,0.003216998,,,,
5,6,17,,PIEN,,1,5,-,-,9.7,6.2,22.4,,,0.03940823,,,,
5,6,19,,PIEN,,1,5,-,-,8.6,5.3,25.2,,,0.049876042,,,,
5,6,20,,PIEN,,1,5,-,-,7.6,5.5,21.2,,,0.035299018,,,,
5,6,21,,PIEN,,1,5,-,-,6.7,5.9,11.8,,,0.01093591,,,,
5,6,22,,PIEN,,1,5,-,-,6.3,6.6,15.3,,,0.018385429,,,,
5,6,23,,PIEN,,1,5,-,-,5.1,7.2,16.9,,,0.022431809,,,,
5,6,25,,PIEN,,1,5,-,-,4.1,10,20.2,,,0.032047462,,,,
5,6,26,,PIEN,,1,4,-,-,5.5,4.7,23.2,,,0.04227337,,,,
5,7,1,,PIEN,,1,5,-,-,3.3,7.5,19.6,,,0.030171926,,,,
5,7,2,,PIEN,,1,5,-,-,3.7,8.8,13.4,,,0.014102642,,,,
5,7,3,,PIEN,,1,5,-,-,4.5,7.6,26.3,,,0.054325333,,,,
5,7,4,,PIEN,,1,5,-,-,5.4,7.5,24.4,,,0.046759574,,,,
5,7,5,,PIEN,,1,5,-,-,15.9,9,14.3,,,0.016060645,,,,
5,7,7,,PIEN,,1,5,-,-,16.2,6,13.1,,,0.013478249,,,,
5,7,8,,PIEN,,1,5,-,-,18.9,7.5,14.7,,,0.016971709,,,,
5,7,9,,PIEN,,1,5,-,-,13.9,5.6,17.3,,,0.023506237,,,,
5,7,10,,PIEN,,1,5,-,-,19.1,8.1,11.7,,,0.010751341,,,,
5,7,11,,PIEN,,1,5,-,-,18.8,9.8,6.6,,,0.003421202,,,,
5,7,12,,PIEN,,1,5,-,-,18.5,9.6,9.6,,,0.007238246,,,,
5,7,13,,PIEN,,1,5,-,-,18.2,9.8,12.3,,,0.011882317,,,,
5,7,14,,PIEN,,1,5,-,-,17.3,9.7,6.7,,,0.003525661,,,,
5,8,1,,PIEN,,1,5,-,-,13.9,5.6,17.3,,,0.023506237,,,,
5,8,2,,PIEN,,1,5,-,-,13.7,5.5,22.2,,,0.038707654,,,,
5,8,3,,PIEN,,1,5,-,-,12.3,6.8,26.9,,,0.056832329,,,,
5,8,4,,PIEN,,1,5,-,-,13.6,7.7,8,,,0.00502656,,,,
5,8,5,,PIEN,,1,5,-,-,13.5,7.1,12,,,0.01130976,,,,
5,8,11,,PIEN,,1,5,-,-,2.8,6.4,8.1,,,0.005153009,,,,
5,8,12,,PIEN,,1,5,-,-,15.5,0.1,14.1,,,0.015614537,,,,
5,9,1,,PIEN,,1,5,-,-,13.4,6.4,11.9,,,0.011122049,,,,
5,9,2,,PIEN,,1,5,-,-,11.7,7.3,25.7,,,0.051874885,,,,
5,9,3,,PIEN,,1,5,-,-,9.4,9.5,23,,,0.04154766,,,,
5,9,4,,PIEN,,1,5,-,-,12,6.9,20,,,0.031416,,,,
5,9,5,,PIEN,,1,5,-,-,11.7,6,10.3,,,0.008332309,,,,
5,9,6,,PIEN,,1,5,-,-,12.7,6.1,12.9,,,0.013069841,,,,
5,9,7,,PIEN,,1,5,-,-,10.8,4.9,12.5,,,0.012271875,,,,
5,9,8,,PIEN,,1,5,-,-,8.8,4.6,30.1,,,0.071158025,,,,
5,9,9,,PIEN,,1,5,-,-,5.7,7,18.7,,,0.027464653,,,,
5,9,10,,PIEN,,1,5,-,-,2.4,4,14.2,,,0.015836806,,,,
5,9,12,,PIEN,,1,5,-,-,3.2,4.2,14.2,,,0.015836806,,,,
5,9,13,,PIEN,,1,5,-,-,3.4,3.8,8.7,,,0.005944693,,,,
5,9,14,,PIEN,,1,5,-,-,2.9,3.3,15,,,0.0176715,,,,
5,9,15,,PIEN,,1,5,-,-,4.3,3,19.3,,,0.029255365,,,,
5,9,17,,PIEN,,1,5,-,-,5.3,2.4,5.7,,,0.002551765,,,,
1,7,23,No,ABBI,,2,-,4,-,,,6.3,14.14,204,0.003117253,,,,
1,14,2,No,ABBI,,2,-,3,-,,,9.2,1.5,210,0.006647626,,,,
1,14,12,No,ABBI,,2,-,5,-,,,21.8,0.96,236,0.03732535,,,,
1,14,19,No,ABBI,,2,-,2,-,,,16.4,4.46,263,0.021124118,,,,
1,15,34,No,ABBI,,2,4,1,-,,,32.6,9.06,234,0.08346917,,,,
1,15,36,No,ABBI,,2,5,2,-,,,15.2,9.76,241,0.018145882,,,,
1,15,37,No,ABBI,,2,5,2,-,,,18,9.91,241,0.02544696,,,,
1,15,38,No,ABBI,,2,5,3,-,,,20.1,9.1,245,0.031730945,,,,sapling
1,15,40,No,ABBI,,2,5,2,-,,,6,9.15,250,0.00282744,,,,
1,16,6,No,PIEN,,2,-,5,-,,,68.4,9.3,209,0.367454102,,,,
1,17,8,No,PIEN,,2,-,2,-,,,14.7,6.75,218,0.016971709,,,,
1,17,9,No,PIEN,,2,-,2,-,,,40.9,6.96,220,0.131382497,,,,
1,17,13,No,PIEN,,2,-,2,-,,,5.4,10.61,218,0.002290226,,,,
1,18,1,no,PIEN,,2,2,4,-,,,48.2,3.26,181,0.18246727,,,,
1,18,3,No,ABBI,,2,3,2,-,,,56.9,7.87,184,0.254281889,,,,
1,19,2,No,ABBI,,2,4,2,-,,,19.4,3.78,215,0.029559314,,,,
1,19,4,No,PIEN,,2,2,2,-,,,60.3,7.13,192,0.285578509,,,,
1,19,5,No,ABBI,,2,3,2,-,,,47.5,9.65,182,0.177205875,,,,
1,19,9,No,ABBI,,2,5,2,-,,,17.4,9.92,231,0.02377877,,,,multi-stemmed
2,10,5,No,PIEN,,2,5,5,-,,,20.4,9.43,82,0.032685206,,,,
2,11,5,No,PIEN,,2,5,-,-,,,25.9,12.16,95,0.052685417,,,,
2,14,8,No,ABBI,,2,5,1,-,,,10.1,10.28,91,0.008011865,,,,
2,15,3,No,ABBI,,2,4,3,-,,,30.5,3.96,134,0.073061835,,,,
2,15,6,No,ABBI,,2,3,2,-,,,30.1,6.33,129,0.071158025,,,,
2,15,7,No,ABBI,,2,5,2,-,,,16.3,6.91,138,0.020867293,,,,
2,15,8,No,ABBI,,2,5,3,-,,,10.6,6.74,129,0.008824754,,,,seedling
2,17,5,no,ABBI,,2,5,2,-,,,14.7,12.96,73,0.016971709,,,,
3,3,23,No,ABBI,,2,5,2,-,,,6.1,9.32,151,0.002922473,,,,
3,3,24,No,ABBI,,2,5,1,-,,,6.5,9.96,150,0.003318315,,,,
5,1,25,,ABBI,,2,-,2,1,9.3,8,7.8,,,0.004778374,,,,
5,6,24,,PIEN,,2,5,2,-,5.4,9.9,28.6,,,0.064242578,,,,
1,16,5,No,PIEN,,3,-,5,-,,,66.5,16.57,194,0.347323515,,,,
2,17,3,No,ABBI,,3,-,4,-,,,19.6,12.09,58,0.030171926,,,,
3,5,6,No,PIEN,,3,-,2,-,,,21.4,7.2,150,0.035968178,,,,
4,11,7,No,PIEN,,3,-,5,300,,,12,9.17,270,0.01130976,,,,
5,2,9,,ABBI,,3,3,-,-,7,7.7,12,,,0.01130976,,,,"plus 2 saplings, 1 seedling"
5,6,3,,PIEN,,3,-,5,-,17.4,1.7,10,,,0.007854,,,,
1,5,1,No,ABBI,,6,-,2,312,,,12,7.52,225,0.01130976,,,,
1,5,2,No,ABBI,,6,-,5,250,,,12.5,7.74,219,0.012271875,,,,
1,5,3,No,ABBI,,6,-,4,192,,,22,8.89,225,0.03801336,,,,
1,7,14,No,ABBI,,6,-,2,322,,,8,7.98,248,0.00502656,,,,
1,7,27,No,ABBI,,6,-,3,238,,,10,15.2,203,0.007854,,,,
1,7,28,No,ABBI,,6,-,3,224,,,7,15.2,204,0.00384846,,,,
1,7,29,No,ABBI,,6,-,3,252,,,5,15.47,200,0.0019635,,,,
1,14,43,No,?,,6,-,7,339,,,20,14.65,224,0.031416,,,,
1,14,52,No,?,,6,-,7,320,,,45,17.67,214,0.1590435,,,,
1,16,3,No,ABBI,,6,-,2,334,,,14,14.44,181,0.01539384,,,,
1,16,4,No,PIEN?,,6,-,7,13,,,60,15.9,195,0.282744,,,,No Saplings
1,17,21,No,ABBI,,6,-,4,124,,,12.9,8.31,240,0.013069841,,,,
1,18,8,No,ABBI,,6,-,5,119,,,32.6,3.9,239,0.08346917,,,,
1,19,7,No,ABBI,,6,-,4,47,,,39.3,12.11,216,0.121304245,,,,
1,19,10,No,ABBI,,6,-,7,132,,,28,9.57,233,0.06157536,,,,
1,19,11,No,PIEN,,6,-,5,131,,,38,6.05,247,0.11341176,,,,
1,20,8,No,?,,6,-,7,114,,,40,6.41,176,0.125664,,,,
1,20,10,No,ABBI,,6,-,2,124,,,22,0.96,261,0.03801336,,,,
2,8,4,No,ABBI,,6,-,5,104,,,15,2.16,129,0.0176715,,,,
2,10,3,No,ABBI,,6,-,7,61,,,15,12.23,83,0.0176715,,,,
2,13,2,No,ABBI,,6,-,5,134,,,12,4.36,87,0.01130976,,,,
2,15,4,No,ABBI,,6,-,3,141,,,23.8,5.32,143,0.044488198,,,,
2,15,5,No,ABBI,,6,-,6,70,,,30,5.66,129,0.070686,,,,
2,15,11,No,ABBI,,6,-,3,182,,,13,6.71,151,0.01327326,,,,
2,15,14,No,ABBI,,6,-,5,75,,,11,5.35,114,0.00950334,,,,
2,20,1,No,?,,6,-,-,-,,,60,1.63,50,0.282744,,,,
2,22,3,No,ABBI,,6,-,5,158,,,20.4,7.88,72,0.032685206,,,,
3,1,7,No,ABBI,,6,-,5,85,,,14.9,10.54,166,0.017436665,,,,
3,1,20,No,PIEN,,6,-,5,258,,,13,14.02,172,0.01327326,,,,
3,1,21,No,PIEN,,6,-,5,104,,,31,14.66,168,0.07547694,,,,
3,1,22,No,PIEN,,6,-,5,148,,,17,14.78,168,0.02269806,,,,
3,2,21,No,PIEN,,6,-,6,127,,,11.2,16.74,143,0.009852058,,,,
3,2,22,No,ABBI,,6,-,5,180,,,20,15.48,155,0.031416,,,,plus 7 more SAP ? 20 cm apart; snapped off several times
3,3,22,No,PIEN,,6,-,4,98,,,15,8.04,150,0.0176715,,,,
3,3,25,No,ABBI,,6,-,4,120,,,11.5,10.44,149,0.010386915,,,,
3,3,28,No,ABBI,,6,-,2,74,,,14.5,9.96,162,0.016513035,,,,
3,3,29,No,ABBI,,6,-,2,344,,,15,9.28,162,0.0176715,,,,
3,5,11,No,?,,6,-,7,122,,,18,5.55,170,0.02544696,,,,
3,5,18,No,PIEN,,6,-,4,246,,,6.7,6.34,179,0.003525661,,,,
3,9,15,No,PIEN,,6,-,3,244,,,6.4,8.95,180,0.003216998,,,,
3,9,21,No,PIEN,,6,-,4,195,,,17.1,10.79,180,0.022965881,,,,
4,1,3,No,PIEN,,6,-,6,106,,,12,7.75,267,0.01130976,,,,
4,4,2,No,PIEN,,6,-,7,64,,,9,16.55,277,0.00636174,,,,
4,4,3,No,PIEN,,6,-,7,130,,,12,12.71,246,0.01130976,,,,plus 1 PIEN Sapling
4,7,15,No,PIEN,,6,-,7,84,,,25,7.93,243,0.0490875,,,,
4,7,16,No,PIEN,,6,-,7,100,,,15,8.71,240,0.0176715,,,,
4,8,10,No,PIEN,,6,-,7,79,,,25,4.12,211,0.0490875,,,,
4,8,12,No,PIEN,,6,-,6,138,,,22,9.05,243,0.03801336,,,,
5,1,3,,?,,6,-,6,310,12.7,1.9,15,,,0.0176715,,,,
5,2,14,,ABBI,,6,-,6,-,10,9.3,20,,,0.031416,,,,
5,2,23,,ABBI,,6,-,6,-,10.9,4.7,15,,,0.0176715,,,,
5,2,29,,ABBI,,6,-,6,-,12.1,9.4,12,,,0.01130976,,,,
5,3,21,,?,,6,-,6,-,-,-,-,,,#VALUE!,,,,
5,6,11,,PIEN,,6,-,6,160,11.1,8,18.4,,,0.026590502,,,,
5,6,18,,PIEN,,6,-,6,300,8.5,7.2,25,,,0.0490875,,,,
5,7,6,,PIEN,,6,-,2,360,18,4.8,30,,,0.070686,,,,
5,8,6,,PIEN,,6,-,6,100,11.5,8.5,15,,,0.0176715,,,,plus  10 ABBI Saplings
5,8,7,,PIEN,,6,-,6,300,10.9,7.2,17,,,0.02269806,,,,Top snapped
5,8,8,,PIEN,,6,-,6,141,10,6.5,18,,,0.02544696,,,,
5,8,9,,PIEN,,6,-,6,350,6.7,5,19.5,,,0.029864835,,,,
5,8,10,,PIEN,,6,-,6,360,8.2,3.1,17.5,,,0.024052875,,,,
5,9,11,,PIEN,,6,-,6,160,3.6,5.5,10,,,0.007854,,,,
5,9,16,,PIEN,,6,-,6,50,1.5,4.3,19,,,0.02835294,,,,
5,1,27,,ABBI,,-,-,-,-,11.2,9,SAP,,,,,,,
5,1,27,,ABBI,,-,-,-,-,11.2,9,SAP,,,,,,,
5,1,27,,ABBI,,-,-,-,-,11.2,9,SAP,,,,,,,
,,,,,,,,,,,,,,,,,,,
